slug,lot,potentiel,test_navigateur,section,categorie,nom,depot,source,licence,fichier_licence,langage,dernier_commit,pages_dir,eligibilite,jouer,description
3d-hartwing-chess-set-joxia,3,52,Échiquier 3D CSS (pas d'IA) ; erreur JS au chargement à vérifier.,Browser-Based,Boardgame,3D Hartwing Chess Set,juliangarnier/3D-Hartwig-chess-set,https://github.com/juliangarnier/3D-Hartwig-chess-set,MIT,LICENSE.txt,JavaScript,2012-12-13,/,✅ Fork + Pages,http://codepen.io/juliangarnier/full/BsIih,3D chess game done in HTML/CSS/JS.
c4-joxia,,,,Browser-Based,Boardgame,c4,kenrick95/c4,https://github.com/kenrick95/c4,MIT,LICENSE,TypeScript,2026-09-23,,⚙️ Fork + build,https://kenrick95.github.io/c4/demo/,"Connect Four game, with AI, in HTML/CSS/JS."
,,,,Browser-Based,Boardgame,Desperate Gods,David20321/FTJ,https://github.com/David20321/FTJ,Tous droits réservés,LICENSE.txt,C#,2012-11-24,,❌ Pas de licence libre,http://www.wolfire.com/desperate-gods,Free online board game that was designed to be played just like a board game in real-life: no rules are enforced by the computer.
green-mahjong-joxia,,,,Browser-Based,Boardgame,Green Mahjong,danbeck/green-mahjong,https://github.com/danbeck/green-mahjong,GPL-3.0 (README),,JavaScript,2026-07-12,,⚙️ Fork + build,,Solitaire mahjong game done in HTML/CSS/JS.
kriegspiel-joxia,,,,Browser-Based,Boardgame,Kriegspiel,binarymax/kriegspiel,https://github.com/binarymax/kriegspiel,MIT,LICENSE,JavaScript,2014-03-10,,⚙️ Fork + build,,"The game of imperfect information, the Kriegspiel chess variant."
,,,,Browser-Based,Boardgame,Lichess,ornicar/lila,https://github.com/ornicar/lila,AGPL-3.0,LICENSE,Scala,2026-09-30,,🖥️ Serveur requis,http://lichess.org/,"Free chess game using HTML5 & websockets, built with Scala, Play 2.1, MongoDB and Elasticsearch."
,,,,Browser-Based,Arcade,Alge's Escapade,Dave-and-Mike/game-off-2012,https://github.com/Dave-and-Mike/game-off-2012,Aucune licence,,JavaScript,2012-11-30,/,❌ Pas de licence libre,http://dave-and-mike.github.io/game-off-2012/,"HTML5, JavaScript, GameJs arcade game where you control an Algae."
alien-invasion-joxia,3,60,"Démo shoot'em up mobile, simple mais complète.",Browser-Based,Arcade,Alien Invasion,cykod/AlienInvasion,https://github.com/cykod/AlienInvasion,MIT,MIT-LICENSE.txt,JavaScript,2014-07-13,/,✅ Fork + Pages,http://cykod.github.io/AlienInvasion/,Demo Game for Mobile HTML5 Game Development.
arashi-joxia,,,,Browser-Based,Arcade,Arashi,stephank/arashi-js,https://github.com/stephank/arashi-js,GPL-2.0,COPYING,JavaScript,2010-07-03,,⚙️ Fork + build,http://stephank.github.io/arashi-js/,Arashi is a clone of the Arcade game Tempest.
asteroids-joxia,3,62,"Asteroids vectoriel, fonctionne (Espace pour démarrer).",Browser-Based,Arcade,Asteroids,dmcinnes/HTML5-Asteroids,http://github.com/dmcinnes/HTML5-Asteroids,MIT,LICENSE,JavaScript,2016-01-13,/,✅ Fork + Pages,http://dougmcinnes.com/html-5-asteroids/,Pure JavaScript asteroids.
avabranch-joxia,,,Page quasi vide au test : à investiguer.,Browser-Based,Arcade,Avabranch,Zolmeister/avabranch,https://github.com/Zolmeister/avabranch,MIT,LICENSE,JavaScript,2020-05-11,/docs,⚙️ Fork + build,http://avabranch.zolmeister.com/,GitHub Game Off 2012 entry.
ball-and-wall-joxia,,,dist/ et bower_components/ absents : build requis.,Browser-Based,Arcade,Ball And Wall,budnix/ball-and-wall,https://github.com/budnix/ball-and-wall,MIT,LICENSE,JavaScript,2015-03-16,/,⚙️ Fork + build,http://ballandwall.com/,Pure JavaScript arkanoid style game.
breakout-oss-joxia,,,,Browser-Based,Arcade,Breakout,Couchfriends/breakout,https://github.com/Couchfriends/breakout,MIT,LICENSE,JavaScript,2024-03-10,,⚙️ Fork + build,,Breakout multiplayer with HTML5.
captain-rogers-joxia,,,,Browser-Based,Arcade,Captain Rogers,EnclaveGames/Captain-Rogers,https://github.com/EnclaveGames/Captain-Rogers,CC-BY-NC,LICENSE.txt,JavaScript,2020-05-24,/,⚠️ Non commercial,http://enclavegames.com/games/captain-rogers/,Captain Rogers: Asteroid Belt of Sirius - HTML5 mobile game created using ImpactJS.
,,,,Browser-Based,Arcade,Cell Mates,gamebytes/cellmates,https://github.com/gamebytes/cellmates,Aucune licence,,HTML,2013-01-26,/,❌ Pas de licence libre,,Game made in 48 hours for the 2013 Global Game Jam.
ceros-snake-joxia,4,40,Bloqué sur « Loading » : dépend d'une base Firebase de l'auteur (ancien SDK).,Browser-Based,Arcade,Ceros Snake,mjhasbach/ceros-snake,https://github.com/mjhasbach/ceros-snake,Multiple : GPL + MIT + Apache,LICENSE.txt,HTML,2016-02-09,/,✅ Fork + Pages,,A remake of the iconic 70's Snake game.
,,,,Browser-Based,Arcade,CHANG€,RothschildGames/change,https://github.com/RothschildGames/change,Aucune licence,,CoffeeScript,2013-12-01,,❌ Pas de licence libre,http://change-game.herokuapp.com/,Intense game about the extreme life of supermarket cashiers.
,,,,Browser-Based,Arcade,Chromacore,Murkantilism/game-off-2013,https://github.com/Murkantilism/game-off-2013,Aucune licence,,C#,2017-06-26,,❌ Pas de licence libre,,"2D musical platformer set in a dark, black & white world that progressively becomes more colorful and happy through successful gameplay."
,,,,Browser-Based,Arcade,Circus Charlie,eugenioclrc/circushtml5,https://github.com/eugenioclrc/circushtml5,Aucune licence,,JavaScript,2014-03-19,,❌ Pas de licence libre,,HTML5 tribute created in Phaser.
,,,,Browser-Based,Arcade,Jolly Jumper,shohan4556/jolly-jumper,https://github.com/shohan4556/jolly-jumper,Aucune licence,,JavaScript,2021-08-30,/,❌ Pas de licence libre,http://shohan4556.github.io/jolly-jumper/,Made in Phaser.
clumsy-bird-joxia,2,80,Clone de Flappy Bird (melonJS) propre ; doublon partiel de Flappy Joxia.,Browser-Based,Arcade,Clumsy Bird,ellisonleao/clumsy-bird,https://github.com/ellisonleao/clumsy-bird,GPL-3.0,LICENSE.md,JavaScript,2017-06-16,/,✅ Fork + Pages,http://www.varunpant.com/static/resources/CrappyBird/index.html,Flappy Bird clone in JavaScript using MelonJS.
codename-lumberjack-joxia,,,,Browser-Based,Arcade,Codename Lumberjack,arkeus/Codename-Lumberjack,https://github.com/arkeus/Codename-Lumberjack,CC-BY,LICENSE.txt,ActionScript,2011-09-09,,⚠️ Flash (SWF + Ruffle),http://projects.iarke.us/codenamelumberjack/,Simple flash game written using Actionscript 3.0 and Flixel.
coffee-snake-joxia,,,Sous-module atom/ absent : cloner avec --recursive.,Browser-Based,Arcade,Coffee Snake,dommmel/coffee-snake,https://github.com/dommmel/coffee-snake,GPL-3.0,LICENSE.txt,CoffeeScript,2021-05-04,/,⚙️ Fork + build,http://dommmel.github.com/coffee-snake/,HTML5 snake game written in CoffeeScript.
coil-joxia,3,63,Arcade minimaliste (encercler les ennemis).,Browser-Based,Arcade,Coil,leereilly/Coil,https://github.com/leereilly/Coil,MIT,LICENSE,JavaScript,2012-03-25,/,✅ Fork + Pages,http://hakim.se/experiments/html5/coil/,HTML5 canvas game where you defeat enemies by wrapping enemies in your trail.
color-quest-joxia,,,,Browser-Based,Arcade,Color Quest,redbluegames/game-off-2013,https://github.com/redbluegames/game-off-2013,GPL-2.0,LICENSE,C#,2015-03-14,,⚙️ Fork + build,http://redbluegames.com/game-off-2013/,Infinite runner following a black and white pixel's quest to change into a color pixel.
,,,,Browser-Based,Arcade,Core Commiter,vladikoff/game-off-2012,https://github.com/vladikoff/game-off-2012,Aucune licence,,JavaScript,2013-01-17,,❌ Pas de licence libre,http://committer.meteor.com/,GitHub Game Off 2012 Entry.
,,,,Browser-Based,Arcade,Crappy Bird,varunpant/CrappyBird,https://github.com/varunpant/CrappyBird,Aucune licence,,HTML,2019-12-25,/,❌ Pas de licence libre,,Flappy Bird clone in JavaScript and Canvas2D API.
,,,,Browser-Based,Arcade,Custom Tetris,ondras/custom-tetris,https://github.com/ondras/custom-tetris,BSD-3-Clause,license.txt,JavaScript,2015-09-06,/,⚠️ IP tierce (marque/personnages),http://ondras.github.io/custom-tetris/,Play the classic Tetris game the way you like it.
,,,,Browser-Based,Arcade,d3shooter,nsmirn0v/d3shooter,https://github.com/nsmirn0v/d3shooter,Aucune licence,,JavaScript,2014-09-30,,❌ Pas de licence libre,http://d3shooter.herokuapp.com,Asteroids style game in HTML5 as a demo of the d3 library.
,,,,Browser-Based,Arcade,Digger,lutzroeder/digger,https://github.com/lutzroeder/digger,Aucune licence,,JavaScript,2022-01-22,/,❌ Pas de licence libre,,HTML5 version of a Boulderdash game.
drakonas-joxia,1,86,"Shoot'em up avions 3D, menus boutique/options/scores.",Browser-Based,Arcade,Drakonas,Casmo/Drakonas,https://github.com/Casmo/Drakonas,MIT,LICENSE,JavaScript,2025-05-30,/,✅ Fork + Pages,,Classic shoot 'em up game build with the Three.js library.
,,,,Browser-Based,Arcade,Drill Bunny,DreamShowAdventures/LudumDare29,https://github.com/DreamShowAdventures/LudumDare29,Tous droits réservés,,JavaScript,2014-05-01,/,❌ Pas de licence libre,http://dreamshowadventures.github.io/LudumDare29/,Written in JavaScript and using the great Phaser library.
duckhunt-js-joxia,,,,Browser-Based,Arcade,DuckHunt JS,MattSurabian/DuckHunt-JS,https://github.com/MattSurabian/DuckHunt-JS,MIT,LICENSE,JavaScript,2026-03-27,,⚙️ Fork + build,http://mattsurabian.com/duckhunt/,DuckHunt ported to JS and HTML5 with a level creator.
ekg-runner-joxia,4,44,Chemins absolus /media/… → 404 sous /ekg-runner-joxia/ : rendre relatifs.,Browser-Based,Arcade,EKG Runner,Myztiq/ekgrunner,https://github.com/Myztiq/ekgrunner,MIT,LICENSE,JavaScript,2015-03-26,/,✅ Fork + Pages,,Game made in 48 hours for the 2013 Global Game Jam.
emberwind-joxia,3,58,"Plateforme HTML5 ambitieux mais très lourd (~136 Mo), sons en erreur.",Browser-Based,Arcade,Emberwind,operasoftware/Emberwind,https://github.com/operasoftware/Emberwind,BSD-3-Clause,LICENSE,JavaScript,2012-05-21,/,✅ Fork + Pages,,HTML5 port of the indie platform game Emberwind.
,,,,Browser-Based,Arcade,ExecutiveMan,CamHenlin/ExecutiveMan,https://github.com/CamHenlin/ExecutiveMan,BSD-3-Clause,LICENSE,JavaScript,2017-07-07,/,⚠️ IP tierce (marque/personnages),,JavaScript MegaMan clone.
flappy-bird-oss-joxia,4,34,Flappy Bird fonctionnel mais doublon de Flappy Joxia.,Browser-Based,Arcade,Flappy Bird,hyspace/flappy,https://github.com/hyspace/flappy,MIT (package.json),,CoffeeScript,2014-03-12,/,✅ Fork + Pages,,flappy bird in html5.
fluid-table-tennis-joxia,,,,Browser-Based,Arcade,Fluid Table Tennis,anirudhjoshi/fluid_table_tennis,https://github.com/anirudhjoshi/fluid_table_tennis,MIT,LICENSE,JavaScript,2022-07-02,,⚙️ Fork + build,http://anirudhjoshi.github.com/fluid_table_tennis,Renders a table tennis game interacting with a full-color real-time fluid simulation at 60 FPS.
flxinvaders-joxia,,,,Browser-Based,Arcade,FlxInvaders,AdamAtomic/Flx-Invaders,https://github.com/AdamAtomic/Flx-Invaders,MIT,license.txt,ActionScript,2011-04-27,,⚠️ Flash (SWF + Ruffle),http://flixel.org/flxinvaders/,Very simple Flixel game inspired by the Taito classic.
flxteroids-joxia,,,,Browser-Based,Arcade,FlxTeroids,AdamAtomic/FlxTeroids,https://github.com/AdamAtomic/FlxTeroids,MIT,license.txt,ActionScript,2011-04-27,,⚠️ Flash (SWF + Ruffle),http://www.flixel.org/flxteroids/,Very simple Flixel game inspired by the classic arcade shooter.
,,,,Browser-Based,Arcade,Grave Robbers,AdamAtomic/GraveRobbers,https://github.com/AdamAtomic/GraveRobbers,Aucune licence,,ActionScript,2011-05-01,,❌ Pas de licence libre,http://adamatomic.com/graverobbers,Sort of GIRP-inspired tower defense.
heal-em-all-joxia,,,,Browser-Based,Arcade,Heal 'em All,krzysu/game-off-2013,https://github.com/krzysu/game-off-2013,GPL-3.0,LICENSE,CoffeeScript,2019-07-24,,⚙️ Fork + build,http://games.myviews.pl/heal-em-all/,"Imagine, what if the cure exists? What if zombies plague can be stoped? Explore old, abandoned graveyard, heal as many zombies as you can, and find your way out. But be careful not to become one of them."
,,,Unity Web Player (plugin abandonné) : injouable.,Browser-Based,Arcade,HotFix,sdrdis/hotfix,https://github.com/sdrdis/hotfix,MIT,MIT-LICENSE.txt,C#,2015-04-02,/,❌ Techno obsolète,http://sdrdis.github.com/hotfix/,Help Hotfix collect stargazers and avoid enemies. Collect commits to upgrade hotfix and add new features.
hurry-joxia,4,38,Erreur Box2D au démarrage (écran vide).,Browser-Based,Arcade,hurry!,hughsk/ludum-dare-27,https://github.com/hughsk/ludum-dare-27,MIT,LICENSE.md,JavaScript,2013-08-26,/,✅ Fork + Pages,http://hughsk.io/ludum-dare-27/,Small but speedy arcade shooter.
hyperspace-garbage-collector-joxia,2,74,"Arcade spatiale, écran titre + Start.",Browser-Based,Arcade,Hyperspace Garbage Collector,razh/game-off-2013,https://github.com/razh/game-off-2013,MIT,LICENSE,JavaScript,2013-12-01,/,✅ Fork + Pages,http://razh.github.io/game-off-2013/,General Hyperspace Waste Management Solutions.
i-spy-a-ghost-joxia,4,46,jQuery chargé en http:// → bloqué sur Pages : corriger l'URL.,Browser-Based,Arcade,I Spy A Ghost,OmarShehata/I-Spy-A-Ghost,https://github.com/OmarShehata/I-Spy-A-Ghost,MIT,LICENSE,JavaScript,2016-06-08,/,✅ Fork + Pages,http://omarshehata.me/html/ludum/,an experimental p2p multiplayer game made in HTML5/Phaser using WebRTC.
,,,,Browser-Based,Arcade,Jekyll & Hyde Collide,awesome-interactive/game-off-2013,https://github.com/awesome-interactive/game-off-2013,Aucune licence,,C#,2013-11-30,,❌ Pas de licence libre,http://awesome-interactive.github.io/game-off-2013/ExportedGame.html,Multi-layered infinite side-scroller.
jumpsuit-joxia,,,,Browser-Based,Arcade,JumpSuit,KordonBleu/jumpsuit,https://github.com/KordonBleu/jumpsuit,MPL-2.0,license.txt,JavaScript,2017-12-01,,⚙️ Fork + build,http://jumpsuit.space/,a multiplayer space shooter set in a wrapped universe.
,,,,Browser-Based,Arcade,Marble Soccer,jeromeetienne/marbleSoccer,https://github.com/jeromeetienne/marbleSoccer,Aucune licence,,JavaScript,2012-01-29,/,❌ Pas de licence libre,,Marble game for learning three.js.
,,,,Browser-Based,Arcade,Mario 5 HTML,robertkleffner/mariohtml5,https://github.com/robertkleffner/mariohtml5,Unlicense,LICENSE.md,JavaScript,2022-12-06,,⚠️ IP tierce (marque/personnages),,Infinite Mario in HTML5 JavaScript - using Canvas and Audio elements.
,,,,Browser-Based,Arcade,Mega Girl,ddionisio/game-off-2013,https://github.com/ddionisio/game-off-2013,Aucune licence,,C#,2013-12-04,,❌ Pas de licence libre,http://www.renegadeware.com/web_games/megagirl/,Megaman inspired game.
,,,,Browser-Based,Arcade,Masonry JavaScript Tetris Clone,gamedolphin/Masonry-JavaScript-Tetris-Clone,https://github.com/gamedolphin/Masonry-JavaScript-Tetris-Clone,Aucune licence,,JavaScript,2015-08-13,/,❌ Pas de licence libre,,Tetris clone created using HTML5/JavaScript/Phaser.
mode-joxia,,,,Browser-Based,Arcade,Mode,AdamAtomic/Mode,https://github.com/AdamAtomic/Mode,MIT,license.txt,ActionScript,2011-04-27,,⚠️ Flash (SWF + Ruffle),http://www.adamatomic.com/mode/,Small(but sadly not that simple) demo game built on the Flixel framework.
monster-wants-candy-joxia,,,,Browser-Based,Arcade,Monster Wants Candy,EnclaveGames/Monster-Wants-Candy-demo,https://github.com/EnclaveGames/Monster-Wants-Candy-demo,CC-BY-NC,LICENSE.txt,JavaScript,2015-06-16,/,⚠️ Non commercial,http://candy-demo.enclavegames.com/,Simple HTML5 game created with Phaser 2.0.7.
,,,,Browser-Based,Arcade,Newton Adventure,devnewton/newton_adventure,https://github.com/devnewton/newton_adventure,Dépôt supprimé,,—,,,❌ Dépôt supprimé/privé,http://play.bci.im/newton_adventure/,"Play Newton, a very special hero who has the power to change gravity direction!"
,,,,Browser-Based,Arcade,Octocat Jump,ogoshen/game-off-2012,https://github.com/ogoshen/game-off-2012,Aucune licence,,JavaScript,2012-11-23,/,❌ Pas de licence libre,http://ogoshen.github.io/game-off-2012/,GitHub Game Off 2012 Entry.
,,,,Browser-Based,Arcade,Onslaught Arena,lostdecade/onslaught_arena,https://github.com/lostdecade/onslaught_arena,Aucune licence,,JavaScript,2012-11-27,,❌ Pas de licence libre,http://arcade.lostdecadegames.com/onslaught_arena/,Fight off hordes of classic medieval monsters in this fast paced arcade shooter!
,,,,Browser-Based,Arcade,Pappu Pakia,mindd-it/pappu-pakia,https://github.com/mindd-it/pappu-pakia,Dépôt supprimé,,—,,,❌ Dépôt supprimé/privé,http://khele.in/pappu-pakia/,"Addictive game where you guide little Pappu around obstacles while collecting coins, stars, and berries and avoiding enemies known as Pakias."
,,,,Browser-Based,Arcade,Phaser Snake,gamedolphin/javascript_snake,https://github.com/gamedolphin/javascript_snake,Aucune licence,,JavaScript,2015-08-13,/,❌ Pas de licence libre,,"JavaScript version of the snake game, created using the Phaser Engine."
,,,,Browser-Based,Arcade,PixelPlatformer,bendangelo/PixelPlatformer,https://github.com/bendangelo/PixelPlatformer,Aucune licence,,JavaScript,2011-12-30,,❌ Pas de licence libre,,Simple platformer game that demostrates the power of the Entity game engine.
,,,,Browser-Based,Arcade,PolyBranch,gbatha/PolyBranch,https://github.com/gbatha/PolyBranch,Aucune licence,,Processing,2012-12-01,,❌ Pas de licence libre,http://gregbatha.com/branches/,"Minimalist 3D game. Dodging branches may seem easy at first, but how long can you hold up as you approach terminal velocity?"
protocol-390-joxia,,,,Browser-Based,Arcade,Protocol 390,josegallegos07/game-off-2013,https://github.com/josegallegos07/game-off-2013,CC-BY-NC,LICENSE,JavaScript,2015-03-03,,⚠️ Non commercial,,"To survive in People's Park, you must supply the prophet with change."
raging-gardens-joxia,1,85,"Arcade (lapin vs carottes), direction artistique soignée.",Browser-Based,Arcade,Raging Gardens,petarov/game-off-2012,https://github.com/petarov/game-off-2012,MIT,LICENSE,JavaScript,2015-11-28,/,✅ Fork + Pages,,Javascript/HTML5 web browser game where a a hungry (ninja) rabbit farts too often.
,,,,Browser-Based,Arcade,Release Cycles,RothschildGames/release-cycles,https://github.com/RothschildGames/release-cycles,Aucune licence,,CoffeeScript,2015-09-28,,❌ Pas de licence libre,,Abstract racing game where you fight against the clock and the computer to get as far as you can in a product's life-cycle.
save-the-forest-joxia,,,,Browser-Based,Arcade,Save The Forest,softvar/save-the-forest,https://github.com/softvar/save-the-forest,MIT,LICENSE,JavaScript,2016-09-15,,⚙️ Fork + build,http://js13kgames.com/games/save-the-forest/index.html,Save the burning forest!
ski-free-joxia,3,55,"Remake de SkiFree (nom d'un jeu Microsoft), petit rendu.",Browser-Based,Arcade,Ski Free,basicallydan/skifree.js,https://github.com/basicallydan/skifree.js,MIT,license.md,JavaScript,2026-02-23,/,✅ Fork + Pages,http://basicallydan.github.com/skifree.js,"JavaScript port of the classic PC Game, Skifree."
snake-oss-joxia,4,30,"Page blanche au test, doublon de Snake Joxia.",Browser-Based,Arcade,Snake,jrgdiz/snake,https://github.com/jrgdiz/snake,MIT,LICENSE,JavaScript,2022-11-19,/,✅ Fork + Pages,http://diz.es/snake/,Clone of the classic Snake game.
snake-new-joxia,4,36,Snake fonctionnel mais doublon de Snake Joxia.,Browser-Based,Arcade,Snake_new,RabiRoshan/snake_game,https://github.com/RabiRoshan/snake_game,MIT,LICENSE.md,JavaScript,2023-03-29,/docs,✅ Fork + Pages,https://rabiroshan.github.io/snake_game/,Classic nokia snake game using web.
space-shooter-joxia,,,,Browser-Based,Arcade,Space-Shooter,Couchfriends/Space-Shooter,https://github.com/Couchfriends/Space-Shooter,MIT,LICENSE,JavaScript,2024-03-10,,⚙️ Fork + build,http://couchfriends.com/games/5,A classic shoot'em up space shooter build in HTML5 with multiplayer.
,,,,Browser-Based,Arcade,Spashal,MrRar/spashal,https://github.com/MrRar/spashal,Aucune licence,,HTML,2016-08-22,/,❌ Pas de licence libre,http://mrrar.github.io/spashal/,Danger lurks around every corner in space.
square-off-joxia,,,,Browser-Based,Arcade,Square Off!,ScriptaGames/SquareOff,https://github.com/ScriptaGames/SquareOff/,AGPL-3.0,LICENSE,JavaScript,2021-02-15,,⚙️ Fork + build,http://sqoff.com/,"multiplayer 1v1 air-hockey style game, place squares to deflect the ball."
sorades-13k-joxia,2,71,Shoot'em up vertical de la JS13K (13 Ko !).,Browser-Based,Arcade,SORADES 13K,maettig/starship-sorades-13k,https://github.com/maettig/starship-sorades-13k,CC-BY-SA,LICENSE,JavaScript,2013-05-31,/,✅ Fork + Pages,http://maettig.com/code/canvas/starship-sorades-13k/,"Scrolling shooter in the vein of ""Raptor: Call of the Shadows"" and ""Warning Forever""."
space-crusade-joxia,,,js/phaser.min.js et js/game.min.js absents : build requis.,Browser-Based,Arcade,Space Crusade,Loopeex/space-crusade,https://github.com/Loopeex/space-crusade,MIT,LICENSE,JavaScript,2015-03-18,/,⚙️ Fork + build,,HTML5 game developped with PhaserJS Framework.
space-invaders-joxia,2,72,"Space Invaders jouable immédiatement (score, vies).",Browser-Based,Arcade,Space Invaders,StrykerKKD/SpaceInvaders,https://github.com/StrykerKKD/SpaceInvaders,MIT,LICENSE,JavaScript,2025-09-28,/,✅ Fork + Pages,http://strykerkkd.github.io/SpaceInvaders/,Remake of Space Invaders in require.js.
,,,,Browser-Based,Arcade,Super Mario Bros,martindrapeau/backbone-game-engine,https://github.com/martindrapeau/backbone-game-engine,MIT,LICENSE,JavaScript,2016-06-01,/,⚠️ IP tierce (marque/personnages),http://martindrapeau.github.io/backbone-game-engine/super-mario-bros/index.html,Super Mario Bros level one written with Backbone Game Engine.
survivor-oss-joxia,,,,Browser-Based,Arcade,Survivor,scottschiller/SURVIVOR,https://github.com/scottschiller/SURVIVOR,Multiple : CC-BY-NC + BSD,license.txt,JavaScript,2018-07-07,/,⚠️ Non commercial,http://www.schillmania.com/survivor/,"Playable HTML + CSS + JavaScript remake of a space-based ""shoot-'em-up"" arcade game for Atari / Commodore 64 from 1982, including a level editor and design tool."
wpilot-joxia,,,,Browser-Based,Arcade,WPilot,jfd/wpilot,https://github.com/jfd/wpilot,MIT,LICENSE,JavaScript,2013-03-19,,⚙️ Fork + build,,"A browser-based remake of the famous XPilot game, built with NodeJS and HTML5"
,,,,Browser-Based,Arcade,zedinvaders,salvatorecapolupo/zedinvaders,https://github.com/salvatorecapolupo/zedinvaders,Aucune licence,,HTML,2020-04-09,/,❌ Pas de licence libre,,"Game is based on our original comic ZED, seen inside ""zero-episode"" called ""Game Over""."
,,,,Browser-Based,Arcade,FullScreenMario,FullScreenShenanigans/FullScreenMario,https://github.com/FullScreenShenanigans/FullScreenMario/,Dépôt supprimé,,—,,,❌ Dépôt supprimé/privé,,a free HTML 5 remake of Super Mario Bros with additional features.
,,,,Browser-Based,FPS,BananaBread,kripken/BananaBread,https://github.com/kripken/BananaBread,Aucune licence,,C/C++,2021-10-29,,❌ Pas de licence libre,https://kripken.github.io/BananaBread/cube2/bb.html,"Port of the Cube 2/Sauerbraten 3D game engine/first person shooter to the web, compiling C++ and OpenGL to JavaScript and WebGL using Emscripten."
,,,,Browser-Based,RPG,Diablo JS,mitallast/diablo-js,https://github.com/mitallast/diablo-js,MIT,LICENSE,Java,2014-04-11,/,⚠️ IP tierce (marque/personnages),http://mitallast.github.io/diablo-js/,Isometric minimal-code style game at html5 canvas and javascript.
roguish-joxia,4,42,Images manquantes (290 erreurs) : à réparer.,Browser-Based,RPG,Roguish,CamHenlin/Roguish,https://github.com/CamHenlin/Roguish,BSD-3-Clause,LICENSE,JavaScript,2015-03-12,/,✅ Fork + Pages,,RPG/Rogue-like game created in JavaScript.
room-for-change-joxia,,,,Browser-Based,RPG,Room for Change,antionio/game-off-2013,https://github.com/antionio/game-off-2013,Apache-2.0,LICENSE.txt,Java,2017-04-09,,⚙️ Fork + build,,Randomly generated action RPG.
,,,,Browser-Based,MMORPG,BrowserQuest,mozilla/BrowserQuest,https://github.com/mozilla/BrowserQuest,Multiple : CC-BY-SA + MPL,LICENSE,JavaScript,2012-04-10,,🖥️ Serveur requis,http://browserquest.mozilla.org/,HTML5/JavaScript multiplayer game experiment.
,,,,Browser-Based,MMORPG,Tap Tap Adventure,Tach-Yon/Tap-Tap-Adventure,https://github.com/Tach-Yon/Tap-Tap-Adventure,Dépôt supprimé,,—,,,❌ Dépôt supprimé/privé,http://taptapadventure.com/play,Expansion of BrowserQuest.
ancient-beast-joxia,,,,Browser-Based,Strategy,Ancient Beast,FreezingMoon/AncientBeast,https://github.com/FreezingMoon/AncientBeast,AGPL-3.0,LICENSE.md,TypeScript,2026-09-30,,⚙️ Fork + build,http://ancientbeast.com/play,Materialize and control beasts in order to defeat your opponents!
,,,,Browser-Based,Strategy,Command & Conquer,adityaravishankar/command-and-conquer,https://github.com/adityaravishankar/command-and-conquer,Aucune licence,,JavaScript,2013-06-20,/,❌ Pas de licence libre,http://www.adityaravishankar.com/projects/games/command-and-conquer/,Clone of the popular RTS.
freeciv-web-joxia,,,,Browser-Based,Strategy,Freeciv-web,freeciv/freeciv-web,https://github.com/freeciv/freeciv-web,AGPL-3.0,LICENSE.txt,JavaScript,2025-05-02,,⚙️ Fork + build,,An turn-based strategy game implemented in HTML5.
hexa-battle-joxia,,,,Browser-Based,Strategy,Hexa Battle,itajaja/hb,https://github.com/itajaja/hb,MIT,LICENSE,TypeScript,2017-06-21,,⚙️ Fork + build,http://giacomotag.io/hb/,"A turn based dungeon crawler written with Typescript, using React and SVG."
tower-defense-joxia,1,91,"Tower defense 3D, écran titre + menu Play.",Browser-Based,Strategy,Tower Defense,Casmo/tower-defense,https://github.com/Casmo/tower-defense,MIT,LICENSE,JavaScript,2024-08-07,/,✅ Fork + Pages,,3D Tower Defense build with Three.js in HTML5.
hexgl-joxia,1,97,"Course futuriste 3D (WebGL), rendu superbe, menus complets.",Browser-Based,Racing,HexGL,BKcore/HexGL,https://github.com/BKcore/HexGL,MIT,LICENSE,JavaScript,2021-03-21,/,✅ Fork + Pages,http://hexgl.bkcore.com/,"Futuristic HTML5 racing game by Thibaut Despoulain using HTML5, Javascript and WebGL."
,,,,Browser-Based,Racing,Trigger Rally Online Edition,CodeArtemis/TriggerRally,https://github.com/CodeArtemis/TriggerRally,Custom (voir LICENSE),LICENSE.md,JavaScript,2026-01-20,/,❌ Pas de licence libre,,Fast arcade rally racing.
3d-city-joxia,1,93,"City-builder 3D (moteur Micropolis), menu Nouvelle partie / Charger.",Browser-Based,Sandbox,3d.city,lo-th/3d.city,https://github.com/lo-th/3d.city,GPL-3.0,LICENSE,JavaScript,2026-04-17,/,✅ Fork + Pages,http://lo-th.github.io/3d.city/index.html,3d city builder game.
,,,"Voxel multijoueur, serveurs de jeu requis.",Browser-Based,Sandbox,Blk Game,morozd/blk-game,https://github.com/morozd/blk-game,Apache-2.0,LICENSE,JavaScript,2013-05-06,/,🖥️ Serveur requis,http://benvanik.github.io/blk-game/,Multiplayer Javascript/WebGL voxel world game demo.
,,,,Browser-Based,Sandbox,Cube Engine,Nurgak/Cube-engine,https://github.com/Nurgak/Cube-engine,Aucune licence,,JavaScript,2017-09-10,,❌ Pas de licence libre,http://nurgak.github.io/Cube-engine/,3D engine completely written in HTML5 without OpenGL.
,,,,Browser-Based,Sandbox,Project Cube,B-Train04/Project-Cube,https://github.com/B-Train04/Project-Cube,Dépôt supprimé,,—,,,❌ Dépôt supprimé/privé,https://b-train04.github.io/Project-Cube/projectCube/index.html,Voxel game based on Minecraft made with HTML5.
,,,,Browser-Based,Puzzle,0hh0,Q42/0hn0,https://github.com/Q42/0hn0,Dépôt supprimé,,—,,,❌ Dépôt supprimé/privé,http://0hh0.com,Companion game to 0hh1 by Q42.
,,,,Browser-Based,Puzzle,0hh1,Q42/0hh1,https://github.com/Q42/0hh1,Dépôt supprimé,,—,,,❌ Dépôt supprimé/privé,http://0hh1.com,Lovely little logic game by Q42.
2048-oss-joxia,4,32,2048 officiel fonctionnel mais doublon de 2048 Joxia.,Browser-Based,Puzzle,2048,gabrielecirulli/2048,https://github.com/gabrielecirulli/2048,MIT,LICENSE.txt,JavaScript,2024-10-24,/,✅ Fork + Pages,http://gabrielecirulli.github.io/2048/,Sliding addition game
a-dark-room-joxia,1,95,Jeu culte d'aventure textuelle incrémentale ; fonctionne (jQuery en https).,Browser-Based,Puzzle,A Dark Room,doublespeakgames/adarkroom,https://github.com/doublespeakgames/adarkroom,MPL-2.0,LICENSE.md,JavaScript,2025-05-23,/,✅ Fork + Pages,http://adarkroom.doublespeakgames.com/,Minimalist Text Adventure game written in JavaScript.
anagramica-joxia,,,,Browser-Based,Puzzle,Anagramica,binarymax/anagramica,https://github.com/binarymax/anagramica,MIT,LICENSE,JavaScript,2023-07-18,,⚙️ Fork + build,http://www.anagramica.com/,A word game and API for anagrams.
astry-joxia,2,75,"Labyrinthe 3D à bille (WebGL), ambiance sombre (touche H = aide).",Browser-Based,Puzzle,Astry,wwwtyro/Astray,https://github.com/wwwtyro/Astray,Unlicense,License.md,JavaScript,2022-08-13,/,✅ Fork + Pages,http://wwwtyro.github.io/Astray/,WebGL maze game built with Three.js and Box2dWeb.
beatrix-joxia,3,64,Petit jeu pixel art coloré.,Browser-Based,Puzzle,Beatrix,cxong/Beatrix,https://github.com/cxong/Beatrix,MIT,LICENSE,JavaScript,2018-05-12,/,✅ Fork + Pages,http://gamejolt.com/games/puzzle/beatrix/27454/,Music game where you arrange the drums to catch the beats and play the right rhythm.
bitbot-joxia,2,78,"Puzzle de programmation/robot, graphismes réussis.",Browser-Based,Puzzle,BitBot,recardona/BitBot,https://github.com/recardona/BitBot,MIT,LICENSE.md,JavaScript,2013-12-12,/,✅ Fork + Pages,,"HTML/JS game where you control a bot, which must sense, plan, and act."
blicblockjs-joxia,,,,Browser-Based,Puzzle,BlicblockJS,cheshire137/blicblock-js,https://github.com/cheshire137/blicblock-js,MIT,LICENSE.txt,Ruby,2018-04-14,,⚙️ Fork + build,,JavaScript game based on Blicblock in The Sims 4. Match tetrominoes to clear the board.
blockrain-js-joxia,3,53,Tetris jouable en démo de bibliothèque ; doublon de Tetris Joxia.,Browser-Based,Puzzle,Blockrain.js,Aerolab/blockrain.js,https://github.com/Aerolab/blockrain.js,MIT,LICENSE.txt,JavaScript,2017-08-06,/,✅ Fork + Pages,http://aerolab.github.io/blockrain.js/,Embed & play the classic game on your site. Simple as that.
,,,,Browser-Based,Puzzle,Branching Out,thehen/game-off-2012,https://github.com/thehen/game-off-2012,Aucune licence,,—,2012-11-30,,❌ Pas de licence libre,http://henryhoffman.com/branchingout/,Minimalist game about leaving home.
,,,,Browser-Based,Puzzle,Clone Man,adhicl/game-off-2012,https://github.com/adhicl/game-off-2012,Aucune licence,,ActionScript,2012-12-02,,❌ Pas de licence libre,http://www.kongregate.com/games/Sorobaid/clone-man,"Puzzle, memory, retro game with simple graphics."
,,,,Browser-Based,Puzzle,Couch 2048,mvasilkov/glitch2016,https://github.com/mvasilkov/glitch2016,Aucune licence,,TypeScript,2016-09-12,,❌ Pas de licence libre,http://js13kgames.com/games/couch-2048/index.html,"A physics-based puzzle, loosely related to the original 2048 game."
cube-composer-joxia,,,dist/main.js absent : build requis (PureScript).,Browser-Based,Puzzle,cube-composer,sharkdp/cube-composer,https://github.com/sharkdp/cube-composer,MIT,LICENSE,JavaScript,2022-04-30,/,⚙️ Fork + build,http://david-peter.de/cube-composer,A puzzle game inspired by functional programming.
drunken-viking-joxia,1,82,"Arcade pixel art, écran titre soigné.",Browser-Based,Puzzle,Drunken Viking,cxong/DrunkenViking,https://github.com/cxong/DrunkenViking,MIT,LICENSE,JavaScript,2021-10-20,/,✅ Fork + Pages,http://congusbongus.itch.io/drunken-viking,Retrace your drunken rampage in reverse time.
,,,,Browser-Based,Puzzle,Ending,,http://robotacid.com/flash/ending,—,,—,,,📚 Référencé (organisation/lien),http://robotacid.com/flash/ending/,Roguelike puzzle game.
,,,,Browser-Based,Puzzle,Follow me! A Simon Clone,gamedolphin/follow_me_javascript_simon_clone,https://github.com/gamedolphin/follow_me_javascript_simon_clone,Aucune licence,,JavaScript,2015-08-13,/,❌ Pas de licence libre,,"Fully commented version of the famous game - - in JavaScript, built using Phaser game engine."
,,,,Browser-Based,Puzzle,For King,AD1337/ForKingGame,https://github.com/AD1337/ForKingGame,Aucune licence,,ActionScript,2012-11-30,,❌ Pas de licence libre,http://www.newgrounds.com/dump/item/1cc54f046fa51768d8169e65121b0af0,Puzzle platformer game about a king in search for his lost crown.
,,,,Browser-Based,Puzzle,Genetic Drift,DancingBanana/genetic-drift,https://github.com/DancingBanana/genetic-drift,Aucune licence,,CoffeeScript,2012-12-01,,❌ Pas de licence libre,,"Victor, an annoyed janitor dealing with a lot of annoyed clones and the problems that inevitably arise from genetic duplication. Will he make it home to feed his faithful pet companion?."
,,,,Browser-Based,Puzzle,Hex 2048,jeffhou/hex-2048,https://github.com/jeffhou/hex-2048,Aucune licence,,JavaScript,2020-02-15,/,❌ Pas de licence libre,https://jeffhou.github.io/hex-2048/,Hexgrid-based clone of 2048.
hexahedral-joxia,,,,Browser-Based,Puzzle,Hexahedral,mminer/hexahedral,https://github.com/mminer/hexahedral,MIT,LICENSE,JavaScript,2018-05-25,,⚙️ Fork + build,http://matthewminer.com/hexahedral,Push down all the blocks in the minimum number of moves.
hextris-joxia,1,90,"Puzzle hexagonal addictif, tactile. Contient des liens pub/app store de l'auteur.",Browser-Based,Puzzle,Hextris,Hextris/hextris,https://github.com/Hextris/hextris,GPL-3.0,LICENSE.md,JavaScript,2022-02-08,/,✅ Fork + Pages,http://hextris.io/,Addictive puzzle game inspired by Tetris.
infectors-joxia,,,,Browser-Based,Puzzle,Infectors,satanas/infectors,https://github.com/satanas/infectors,CC-BY-NC,LICENSE.md,JavaScript,2017-12-18,/,⚠️ Non commercial,http://satanas.github.io/infectors/,Sokoban-like puzzle game developed with Phaser.
,,,,Browser-Based,Puzzle,Lost! Beneath the Surface,gamedolphin/Lost-Beneath-The-Surface,https://github.com/gamedolphin/Lost-Beneath-The-Surface,Aucune licence,,JavaScript,2015-08-13,/,❌ Pas de licence libre,,"You're a firefly lost in the dark, beneath the surface and must find a way out of the mazes created by the horrors in the dark."
,,,,Browser-Based,Puzzle,Maze 3D,demonixis/Maze3D,https://github.com/demonixis/Maze3D,Dépôt supprimé,,—,,,❌ Dépôt supprimé/privé,http://demonixis.github.io/Maze3D/,A 3D maze game.
monkey-rally-joxia,,,,Browser-Based,Puzzle,Monkey Rally,antila/ludum-dare-28,https://github.com/antila/ludum-dare-28,CC-BY,LICENSE,JavaScript,2016-05-02,,⚙️ Fork + build,http://antila.github.io/ludum-dare-28/,JavaScript game created for the Ludum Dare #28 jam.
,,,,Browser-Based,Puzzle,Ned Et Les Maki,devnewton/nedetlesmaki,https://github.com/devnewton/nedetlesmaki,Dépôt supprimé,,—,,,❌ Dépôt supprimé/privé,http://play.bci.im/nedetlesmaki/,Puzzle game with isometric 3D graphics inspired by Sokoban.
orbium-joxia,2,77,"Puzzle de billes, options son/tutoriel.",Browser-Based,Puzzle,Orbium,bni/orbium,https://github.com/bni/orbium,GPL-2.0,LICENSE,JavaScript,2024-08-21,/,✅ Fork + Pages,http://bni.github.io/orbium/,Modern version of the 90's game Log!cal.
parity-joxia,2,69,Puzzle de nombres minimaliste ; pubs de l'auteur dans la page.,Browser-Based,Puzzle,Parity,abejfehr/parity,https://github.com/abejfehr/parity,MIT,LICENSE.txt,JavaScript,2018-10-04,/,✅ Fork + Pages,http://abefehr.com/parity/,A numbers puzzle game.
pond-joxia,1,88,"Jeu d'arcade néon fluide, très joli, jouable à la souris/tactile.",Browser-Based,Puzzle,Pond,Zolmeister/pond,https://github.com/Zolmeister/pond,GPL-3.0,LICENSE,JavaScript,2019-07-01,/,✅ Fork + Pages,http://thepond.zolmeister.com/,A narrow fellow in the Pond.
pop-pop-win-joxia,,,,Browser-Based,Puzzle,Pop Pop Win,dart-lang/pop-pop-win,https://github.com/dart-lang/pop-pop-win,BSD-3-Clause,LICENSE,Dart,2026-09-06,,⚙️ Fork + build,http://dart-lang.github.io/sample-pop_pop_win/,Implementation of Minesweeper in Dart.
prism-joxia,,,dist/*.min.js absents : build requis.,Browser-Based,Puzzle,Prism,Zolmeister/prism,https://github.com/Zolmeister/prism,MIT,LICENSE,JavaScript,2015-03-27,/,⚙️ Fork + build,,Match all the colors.
,,,,Browser-Based,Puzzle,Push and Fork,Octocarina/game-off-2012,https://github.com/Octocarina/game-off-2012,Aucune licence,,JavaScript,2025-08-24,/,❌ Pas de licence libre,http://gelisam.com/octocarina/,"Puzzle game in which you carry a fork, push blocks, and go back in time.."
,,,"Expérience de psychologie, pas un jeu.",Browser-Based,Puzzle,Shape Experiment,binarymax/shape,https://github.com/binarymax/shape,MIT,LICENSE,JavaScript,2017-10-29,/,📚 Référencé (non jouable en navigateur),http://shapex.org/,The shape recognition reflex game.
,,,,Browser-Based,Puzzle,Sliding Puzzle,gamedolphin/sliding_puzzle,https://github.com/gamedolphin/sliding_puzzle,Aucune licence,,JavaScript,2014-05-19,/,❌ Pas de licence libre,,Sliding blocks puzzle game.
sudoku-js-joxia,,,,Browser-Based,Puzzle,Sudoku JS,baruchel/sudoku-js,https://github.com/baruchel/sudoku-js,MIT,LICENSE,JavaScript,2017-02-22,,⚙️ Fork + build,http://baruchel.insomnia247.nl/sudoku-js/sudoku.html,A Sudoku puzzle game with a clean design and mobile devices in mind.
swap-joxia,2,70,"Puzzle de niveaux (25 niveaux), flèches/WASD.",Browser-Based,Puzzle,Swap,nmoroze/swap,https://github.com/nmoroze/swap,CC0-1.0,LICENSE,JavaScript,2018-02-16,/,✅ Fork + Pages,http://nmoroze.github.io/swap/,"New(award winning) take on the classic tile-based puzzle game, where you change which character you're controlling to reach your goal."
,,,,Browser-Based,Puzzle,TransCube,jeroenverfallie/ggo13-transcube,https://github.com/jeroenverfallie/ggo13-transcube,Aucune licence,,JavaScript,2018-12-06,,❌ Pas de licence libre,http://code.jerev.be/ggo13-transcube/,"2d puzzle platformer based on the concept of transforming into different ""blocks"", with their unique properties, and making you way to the end of the level with the provided transformations."
untrusted-joxia,,,,Browser-Based,Puzzle,untrusted,AlexNisnevich/untrusted,https://github.com/AlexNisnevich/untrusted,CC-BY-NC (README),,JavaScript,2025-05-30,/,⚠️ Non commercial,http://alex.nisnevich.com/untrusted/,Meta-JavaScript adventure game by Alex Nisnevich and Greg Shuflin.
matching-pairs-joxia,2,67,"Jeu de mémoire (paires), boutons Play/Music.",Browser-Based,Puzzle,Matching Pairs,gamedolphin/matching-pairs,https://github.com/gamedolphin/matching-pairs,MIT,LICENSE,JavaScript,2015-12-27,/,✅ Fork + Pages,,"Made in HTML5 using Phaser as the framework, original assets and generated music."
,,,,Browser-Based,Puzzle,Zoko,lulea/game-off-2012,https://github.com/lulea/game-off-2012,Aucune licence,,CoffeeScript,2021-11-23,/,❌ Pas de licence libre,http://lulea.github.io/game-off-2012/,3D version of Sokoban.
zop-joxia,,,,Browser-Based,Puzzle,Zop,Zolmeister/zop,https://github.com/Zolmeister/zop,MIT,LICENSE,CoffeeScript,2015-04-29,,⚙️ Fork + build,https://zop.zolmeister.com/,Connect like colors.
particle-clicker-joxia,1,84,"Clicker sur la physique des particules (CERN), sauvegarde locale.",Browser-Based,Clicker,Particle Clicker,particle-clicker/particle-clicker,https://github.com/particle-clicker/particle-clicker,MIT,LICENSE,JavaScript,2023-03-14,/,✅ Fork + Pages,http://cern.ch/particle-clicker,Addictive incremental game that teaches players the history of high energy particle physics.
the-house-joxia,3,50,"Petite aventure/horreur textuelle, très court.",Browser-Based,Point and Click,The House,arturkot/the-house-game,https://github.com/arturkot/the-house-game,MIT,LICENSE.md,JavaScript,2019-05-07,/,✅ Fork + Pages,https://the-house.arturkot.pl/,You're in a strange house. Can you find the way out? Is there any?
,,,,Browser-Based,Others,Beast,dominikwilkowski/beast.js,https://github.com/dominikwilkowski/beast.js,Aucune licence,,Rust,2026-05-26,,❌ Pas de licence libre,,"An homage to the 1984 ASCII game ""BEAST"" from Dan Baker, Alan Brown, Mark Hamilton and Derrick Shadel written in node. You have to squash little ASCII beasts between pushable blocks but watch you to not be eaten by them."
binb-joxia,,,,Browser-Based,Others,binb,lpinca/binb,https://github.com/lpinca/binb,MIT,LICENSE,JavaScript,2025-10-04,,⚙️ Fork + build,https://binb.co,"Competitive, multiplayer, realtime, guess the song game."
,,,,Browser-Based,Others,Dental Defender: Saga of the Candy Horde,cshepp/candyjam,https://github.com/cshepp/candyjam/,Aucune licence,,JavaScript,2015-06-10,/,❌ Pas de licence libre,http://cas002.itch.io/dental-defenders-saga-of-the-candy-horde,HTML5 shooter/tower defense game for the #CandyJam.
descensus-2-joxia,,,,Browser-Based,Others,Descensus 2,TomWHall/Descensus2,https://github.com/TomWHall/Descensus2,MIT,LICENSE,TypeScript,2018-06-09,,⚙️ Fork + build,,A TypeScript 2D physics game.
,,,,Browser-Based,Others,Hauberk,munificent/hauberk,https://github.com/munificent/hauberk,Aucune licence,,Dart,2026-09-14,,❌ Pas de licence libre,,"Hauberk is a roguelike, an ASCII-art based procedurally-generated dungeon crawl game. It's written in Dart and runs in your browser."
,,,,Browser-Based,Others,HeartLine,gamebytes/heartline.github.com,https://github.com/gamebytes/heartline.github.com,Aucune licence,,JavaScript,2013-01-27,/,❌ Pas de licence libre,,Game made in 48 hours for the 2013 Global Game Jam.
psiral-joxia,,,,Browser-Based,Others,Psiral,petarov/game-off-2013,https://github.com/petarov/game-off-2013,CC-BY-NC,LICENSE,JavaScript,2016-11-14,/,⚠️ Non commercial,http://psiral.herokuapp.com/,"JavaScript/HTML5 game, GitHub Game Off 2 winner."
cyberpong-joxia,3,56,Pong 2 joueurs ; Modernizr chargé en http:// → à passer en https.,Browser-Based,Others,CyberPong,dreamtocode/Cyber-Pong,https://github.com/dreamtocode/Cyber-Pong,MIT,LICENSE,JavaScript,2016-09-27,/,✅ Fork + Pages,,"Unusual Ping Pong game, adaptable with Makey Makey Kit."
,,,,Browser-Based,Others,Squirts,KrofDrakula/squirts,https://github.com/KrofDrakula/squirts,Aucune licence,,JavaScript,2018-04-20,/,❌ Pas de licence libre,,Well-known indie game implemented in JavaScript.
,,,,Browser-Based,Others,The Killer,JordanMagnuson/The-Killer,https://github.com/JordanMagnuson/The-Killer,Aucune licence,,ActionScript,2022-03-31,,❌ Pas de licence libre,http://www.gametrekking.com/the-games/cambodia/the-killer/play-now,"Flash/ActionScript3-based ""nongame""."
turkey-cooking-simulator-joxia,4,48,CreateJS chargé en http:// → bloqué sur Pages (https) : corriger l'URL.,Browser-Based,Others,Turkey Cooking Simulator,fernjager/game-off-2013,https://github.com/fernjager/game-off-2013,GPL-3.0,LICENSE,JavaScript,2024-12-01,/,✅ Fork + Pages,http://fernjager.github.io/game-off-2013/index.html,"You have been invited to craft the centerpiece of the American thanksgiving dinner, the turkey. Woo your girlfriend / boyfriend and be judged by your future in-laws! Apply your culinary expertise to impress your family."
,,,,Native,Action,OpenTomb,opentomb/OpenTomb,https://github.com/opentomb/OpenTomb,LGPL-3.0,LICENSE,Lua,2025-02-24,,📚 Référencé (non jouable en navigateur),,An open-source Tomb Raider 1-5 engine remake.
,,,,Native,Arcade,hēXōn,LucKeyProductions/heXon,https://github.com/LucKeyProductions/heXon,Dépôt supprimé,,—,,,❌ Dépôt supprimé/privé,,A twin-stick-shooter with 3D graphics and a classic feel.
,,,,Native,Arcade,C-Dogs SDL,cxong/cdogs-sdl,https://github.com/cxong/cdogs-sdl,GPL-2.0,COPYING,C,2026-09-26,,📚 Référencé (non jouable en navigateur),,Overhead shoot-em-up port of the classic DOS game.
,,,,Native,Arcade,Chaos Projectile,WinterLicht/Chaos-Projectile,https://github.com/WinterLicht/Chaos-Projectile,Aucune licence,,Python,2017-01-21,,❌ Pas de licence libre,,2D run'n'gun action game with RPG elements.
,,,,Native,Arcade,Clonepoint,rohit-n/Clonepoint,https://github.com/rohit-n/Clonepoint,GPL-3.0,LICENSE,C++,2024-01-18,,📚 Référencé (non jouable en navigateur),,"Libre clone of Gunpoint, a game in which you hack and punch your way to victory."
,,,,Native,Arcade,DynaDungeons,akien-mga/dynadungeons,https://github.com/akien-mga/dynadungeons,GPL-3.0,LICENSE.txt,GDScript,2024-04-24,,📚 Référencé (non jouable en navigateur),,Bomberman clone using the awesome open source Godot game engine.
,,,,Native,Arcade,Duckmarines,SimonLarsen/duckmarines,https://github.com/SimonLarsen/duckmarines,Multiple : CC-BY-SA + CC-BY-NC + Zlib,LICENSE.md,Lua,2016-05-11,,📚 Référencé (non jouable en navigateur),,A ChuChu Rocket remake for PC.
,,,,Native,Arcade,Epic Inventor,BlkStormy/epic-inventor,https://github.com/BlkStormy/epic-inventor,Dépôt supprimé,,—,,,❌ Dépôt supprimé/privé,,"Indie, side-scrolling, action, RPG."
,,,,Native,Arcade,Falling Time,cxong/FallingTime,https://github.com/cxong/FallingTime,Aucune licence,,C/C++,2021-10-20,,❌ Pas de licence libre,,Arcade game inspired by Fall Down.
,,,,Native,Arcade,Kroniax,AlexAUT/Kroniax,https://github.com/AlexAUT/Kroniax,MIT,LICENSE,Java,2015-09-11,,📚 Référencé (non jouable en navigateur),,Sidescrolling skill-based game.
,,,,Native,Arcade,Missile Command,chadpaulson/missile-command,https://github.com/chadpaulson/missile-command,GPL-3.0,LICENSE,Lua,2023-10-06,,📚 Référencé (non jouable en navigateur),,Missile Command clone in Lua with LÖVE.
,,,,Native,Arcade,Mystic Mine,koonsolo/MysticMine,https://github.com/koonsolo/MysticMine,MIT,LICENSE.txt,Python,2016-07-24,,📚 Référencé (non jouable en navigateur),,Single and multiplayer action game with mining carts.
,,,,Native,Arcade,OpenLieroX,albertz/openlierox,https://github.com/albertz/openlierox,LGPL-2.0,COPYING.LIB,C++,2026-09-12,,📚 Référencé (non jouable en navigateur),,"Liero clone, like realtime Worms, or a 2D Quake."
,,,,Native,Arcade,OSGG,DusteDdk/Osgg,https://github.com/DusteDdk/Osgg,Aucune licence,,C++,2021-04-25,,❌ Pas de licence libre,,"Oldskool Gravity Game, very difficult lander game in glorious vector graphics."
,,,,Native,Arcade,Savage Wheels,petarov/savagewheels,https://github.com/petarov/savagewheels,MIT,LICENSE,C++,2026-07-14,,📚 Référencé (non jouable en navigateur),,2D car crashing game similar to the old classic Destruction Derby.
,,,,Native,Arcade,Space Shooter,prodicus/spaceShooter,https://github.com/prodicus/spaceShooter,MIT,LICENSE.txt,Python,2020-05-18,,📚 Référencé (non jouable en navigateur),,"Cross platform, 2D space shooting game made using pygame."
,,,,Native,Arcade,SDL-Ball,DusteDdk/SDL-Ball,https://github.com/DusteDdk/SDL-Ball,GPL-3.0,LICENSE.txt,C++,2022-10-20,,📚 Référencé (non jouable en navigateur),,Pretty looking breakout clone available in most distributions.
,,,,Native,Arcade,Taisei,laochailan/taisei,https://github.com/laochailan/taisei,MIT,COPYING.txt,C,2026-09-06,,📚 Référencé (non jouable en navigateur),,"Fan-made, open Source clone of the Touhou series."
,,,,Native,Arcade,Teeworlds,teeworlds/teeworlds,https://github.com/teeworlds/teeworlds/,Multiple : CC-BY-SA + BSD + Zlib,license.txt,C/C++,2025-07-12,,📚 Référencé (non jouable en navigateur),,Online multi-player platform 2D shooter.
,,,,Native,Arcade,Wannabe Tempest,awlzac/wbt,https://github.com/awlzac/wbt,Aucune licence,,Java,2015-03-09,,❌ Pas de licence libre,,"Tempest(80's arcade game) clone in Java, and a small project for playing with git."
,,,,Native,Arcade,Witch Blast,Cirrus-Minor/witchblast,https://github.com/Cirrus-Minor/witchblast,GPL-3.0,COPYING.txt,C/C++,2023-12-13,,📚 Référencé (non jouable en navigateur),,Roguelite dungeon crawl shooter similar to The Binding of Isaac.
,,,,Native,FPS,AssaultCube,assaultcube/AC,https://github.com/assaultcube/AC,Aucune licence,,C/C++,2023-06-17,,❌ Pas de licence libre,,Total conversion of Wouter van Oortmerssen's FPS called Cube.
,,,,Native,FPS,Freedoom,freedoom/freedoom,https://github.com/freedoom/freedoom,BSD-3-Clause,COPYING.adoc,Python,2026-06-22,,📚 Référencé (non jouable en navigateur),,Free software FPS based on the classic Doom engine.
,,,,Native,FPS,GlPortal,GlPortal/glPortal,https://github.com/GlPortal/glPortal,Zlib,LICENSE.md,C++,2024-10-05,,📚 Référencé (non jouable en navigateur),,A modern 3D game and engine with portals written in C++.
,,,,Native,FPS,ioquake3,ioquake/ioq3,https://github.com/ioquake/ioq3,GPL-2.0,COPYING.txt,C,2026-09-17,,📚 Référencé (non jouable en navigateur),,"The free software FPS engine that can be used to play Quake 3, or make your own game."
,,,,Native,FPS,LWJake2,flibitijibibo/LWJake2,https://github.com/flibitijibibo/LWJake2,Dépôt supprimé,,—,,,❌ Dépôt supprimé/privé,,LWJGL port of Quake 2.
,,,,Native,FPS,OpenLara,XProger/OpenLara,https://github.com/XProger/OpenLara,BSD-2-Clause,LICENSE,C/C++,2026-07-26,,📚 Référencé (non jouable en navigateur),http://xproger.info/projects/OpenLara/,Tomb Raider open-source engine
,,,,Native,FPS,openspades,yvt/openspades,https://github.com/yvt/openspades,GPL-3.0,LICENSE,C/C++,2024-06-02,,📚 Référencé (non jouable en navigateur),,Compatible client of Ace of Spades 0.75.
,,,,Native,FPS,Red Eclipse,,https://github.com/red-eclipse,—,,—,,,📚 Référencé (organisation/lien),,"Free, casual arena shooter featuring parkour."
,,,,Native,FPS,Smokin' Guns,smokin-guns/SmokinGuns,https://github.com/smokin-guns/SmokinGuns,GPL-2.0,COPYING.txt,C,2014-04-19,,📚 Référencé (non jouable en navigateur),,"Semi-realistic simulation of the ""Old West's"" great atmosphere."
,,,,Native,FPS,Turtle Arena,Turtle-Arena/turtle-arena-code,https://github.com/Turtle-Arena/turtle-arena-code,GPL-3.0,COPYING.txt,C,2026-01-06,,📚 Référencé (non jouable en navigateur),,Third-person action game using the Spearmint engine.
,,,,Native,FPS,Unvanquished,Unvanquished/Unvanquished,https://github.com/Unvanquished/Unvanquished,Multiple : GPL + CC-BY-SA + BSD,COPYING.txt,C++,2026-07-17,,📚 Référencé (non jouable en navigateur),,"Fast-paced, futuristic FPS with RTS elements."
,,,,Native,FPS,Warsow,,https://github.com/Warsow,—,,—,,,📚 Référencé (organisation/lien),,Fast-paced FPS in a futuristic cartoonish world.
,,,,Native,MMORPG,Open Meridian,OpenMeridian/Meridian59,https://github.com/OpenMeridian/Meridian59,GPL-2.0,LICENSE,C/C++,2016-01-13,,📚 Référencé (non jouable en navigateur),http://openmeridian.org,"The first 3D MMORPG, released in 1996 and open sourced in 2012. Forked in 2013, Actively developed."
,,,,Native,MMORPG,Meridian 59,Meridian59/Meridian59,https://github.com/Meridian59/Meridian59,GPL-2.0,LICENSE,C/C++,2026-09-30,,📚 Référencé (non jouable en navigateur),http://www.meridian59.com,"The first 3D MMORPG, released in 1996 and open sourced in 2012. The original codebase for Meridian 59, less frequently updated."
,,,,Native,MMORPG,Stendhal,arianne/stendhal,https://github.com/arianne/stendhal,GPL-2.0,LICENSE.txt,Java,2026-07-12,,📚 Référencé (non jouable en navigateur),https://stendhalgame.org,a fun friendly and free 2D multiplayer online adventure game with an old school feel.
,,,,Native,RPG,Angband,angband/angband,https://github.com/angband/angband,Aucune licence,,C,2026-09-29,,❌ Pas de licence libre,,Single-player dungeon exploration game in the universe of JRR Tolkien.
,,,,Native,RPG,Arx Fatalis,arx/ArxLibertatis,https://github.com/arx/ArxLibertatis,GPL-3.0,LICENSE,C/C++,2024-08-22,,📚 Référencé (non jouable en navigateur),,"Cross-platform port of Arx Fatalis, a first-person role-playing game."
,,,,Native,RPG,Cataclysm: Dark Days Ahead,CleverRaven/Cataclysm-DDA,https://github.com/CleverRaven/Cataclysm-DDA,GPL-3.0,LICENSE.txt,C++,2026-09-30,,📚 Référencé (non jouable en navigateur),,Roguelike set in a post-apocalyptic world.
,,,,Native,RPG,Cendric,tizian/Cendric2,https://github.com/tizian/Cendric2,Multiple : MIT + CC-BY-NC (README),,C/C++,2026-03-30,,📚 Référencé (non jouable en navigateur),,Platformer-RPG in a fantasy setting with puzzle elements.
,,,,Native,RPG,Crystal Picnic,Nooskewl/crystal-picnic,https://github.com/Nooskewl/crystal-picnic,Dépôt supprimé,,—,,,❌ Dépôt supprimé/privé,,Lighthearted and colourful tribute to the classic era of action RPGs.
,,,,Native,RPG,Dungeon Crawl Stone Soup,crawl/crawl,https://github.com/crawl/crawl,GPL-2.0,LICENSE,C/C++,2026-09-29,,📚 Référencé (non jouable en navigateur),,Single-player roguelike dungeon exploration game with a larger focus on combat compared to other popular roguelikes.
,,,,Native,RPG,Dungeon Monkey Eternal,jwvhewitt/dmeternal,https://github.com/jwvhewitt/dmeternal,Apache-2.0,LICENSE,Python,2021-06-28,,📚 Référencé (non jouable en navigateur),,Party-based fantasy roguelike role-playing game.
,,,,Native,RPG,Egoboo,egoboo/egoboo,https://github.com/egoboo/egoboo,GPL-3.0,LICENSE,C++,2025-03-02,,📚 Référencé (non jouable en navigateur),,Cool 3D dungeon crawling game in the spirit of NetHack.
,,,,Native,RPG,Flare RPG,clintbellanger/flare-game,https://github.com/clintbellanger/flare-game,CC-BY-SA-3.0,LICENSE.txt,Python,2018-09-17,,📚 Référencé (non jouable en navigateur),,Fantasy action RPG game with its own engine.
,,,,Native,RPG,Freeablo,wheybags/freeablo,https://github.com/wheybags/freeablo,GPL-3.0,LICENSE.TXT,C/C++,2023-04-14,,📚 Référencé (non jouable en navigateur),,Open-source implementation of the Diablo I engine.
,,,,Native,RPG,Monster RPG 2,Nooskewl/monster-rpg-2,https://github.com/Nooskewl/monster-rpg-2,Dépôt supprimé,,—,,,❌ Dépôt supprimé/privé,,Turn-based J-RPG in a fantasy universe.
,,,,Native,RPG,NetHack,NetHack/NetHack,https://github.com/NetHack/NetHack,Aucune licence,,C,2026-09-30,,❌ Pas de licence libre,,Single-player roguelike dungeon exploration game and one of the most popular games in its genre.
,,,,Native,RPG,OpenMW,OpenMW/openmw,https://github.com/OpenMW/openmw,GPL-3.0,LICENSE,C++,2026-09-26,,📚 Référencé (non jouable en navigateur),,Reimplementation of the Morrowind game engine.
,,,,Native,RPG,The Legend of Zelda: Mystery of Solarus DX,christopho/zsdx,https://github.com/christopho/zsdx,Multiple : GPL + CC-BY-SA,license.txt,Lua,2018-04-07,,📚 Référencé (non jouable en navigateur),,"sequel to The Legend of Zelda: A Link to the Past released on the SNES, written in lua and created with the engine"
,,,,Native,RPG,Valyria Tear,Bertram25/ValyriaTear,https://github.com/Bertram25/ValyriaTear,GPL-3.0,LICENSES.txt,Lua,2022-01-02,,📚 Référencé (non jouable en navigateur),,Single-player medieval-fantasy 2D J-RPG.
,,,,Native,Platform,Captain Holetooth,hirnbix/captain-holetooth,https://github.com/hirnbix/captain-holetooth,Dépôt supprimé,,—,,,❌ Dépôt supprimé/privé,,"A fun, explorative and story-driven platformer with minigames. Made with the Godot Engine."
,,,,Native,Platform,Commander Genius,gerstrong/Commander-Genius,https://github.com/gerstrong/Commander-Genius,GPL-2.0,LICENSE,C/C++,2026-09-30,,📚 Référencé (non jouable en navigateur),,Commander Keen compatible clone.
,,,,Native,Platform,Elemental One,voithos/elemental-one,https://github.com/voithos/elemental-one,MIT,MIT-LICENSE.txt,JavaScript,2015-08-16,/,📚 Référencé (non jouable en navigateur),http://skepsi.me/elemental-one/,Built with the Phaser HTML5 game framework.
,,,,Native,Platform,Escape of the cat,gl00my/catesc,https://github.com/gl00my/catesc,CC-BY-SA,licenses.txt,Lua,2017-11-01,,📚 Référencé (non jouable en navigateur),,Hardcore oldschool platformer on.
,,,,Native,Platform,Frogatto,frogatto/frogatto,https://github.com/frogatto/frogatto,Multiple : CC-BY-NC + Zlib,LICENSE,Ruby,2026-09-19,,📚 Référencé (non jouable en navigateur),,"Action-adventure game, starring a certain quixotic frog."
,,,,Native,Platform,Gish,blinry/gish,https://github.com/blinry/gish,Multiple : GPL + CC-BY-SA,License.txt,C/C++,2017-01-12,,📚 Référencé (non jouable en navigateur),,Award-winning physics platformer.
,,,,Native,Platform,Journey to the Center of Hawkthorne,hawkthorne/hawkthorne-journey,https://github.com/hawkthorne/hawkthorne-journey,Multiple : MIT + CC-BY-NC (README),,Lua,2024-11-26,,📚 Référencé (non jouable en navigateur),,This 2d platformer is based on Community's Digital Estate Planning episodebuilt using the LÖVE game engine.
,,,,Native,Platform,Mario-Level-1,justinmeister/Mario-Level-1,https://github.com/justinmeister/Mario-Level-1,Aucune licence,,Python,2016-06-30,,❌ Pas de licence libre,,First level of Super Mario Bros made with Python and Pygame.
,,,,Native,Platform,HFT Mario Party,amiruqdah/mario-party,https://github.com/amiruqdah/mario-party,CC-BY-NC (README),,JavaScript,2015-10-31,,📚 Référencé (non jouable en navigateur),,a remixed local multiplayer reimagining of the original Mario      Bros.
,,,,Native,Platform,Sky Engine,ilenburg/game-engine,https://github.com/ilenburg/game-engine,Aucune licence,,C++,2017-01-11,,❌ Pas de licence libre,,Custom engine 2D platform game made with OpenGL.
,,,,Native,Platform,The Legend of Edgar,riksweeney/edgar,https://github.com/riksweeney/edgar,Aucune licence,,C,2026-02-09,,❌ Pas de licence libre,,2D platform game with a persistent world.
,,,,Native,Platform,The Secret Chronicles of Dr. M.,Secretchronicles/TSC,https://github.com/Secretchronicles/TSC,GPL-3.0,COPYING,C++,2026-08-10,,📚 Référencé (non jouable en navigateur),,A 2D platform game in classic style.
,,,,Native,Platform,SuperTux,SuperTux/supertux,https://github.com/SuperTux/supertux,GPL-3.0,LICENSE.txt,C++,2026-09-22,,📚 Référencé (non jouable en navigateur),,Classic 2D jump'n'run sidescroller with Tux.
,,,,Native,Puzzle/card/board,2048-cli,Tiehuis/2048-cli,https://github.com/Tiehuis/2048-cli,MIT,LICENSE,C,2019-12-11,,📚 Référencé (non jouable en navigateur),,CLI version of the game 2048 for your Linux terminal.
,,,,Native,Puzzle/card/board,2048-in-terminal,alewmoose/2048-in-terminal,https://github.com/alewmoose/2048-in-terminal,MIT,LICENSE,C,2022-06-13,,📚 Référencé (non jouable en navigateur),,CLI version of the game 2048 made right.
,,,,Native,Puzzle/card/board,Castles of Dr. Creep,segrax/DrCreep,https://github.com/segrax/DrCreep,GPL-3.0,License.txt,C++,2022-03-19,,📚 Référencé (non jouable en navigateur),,The Castles of Dr. Creep
,,,,Native,Puzzle/card/board,Dominion,paulbatum/Dominion,https://github.com/paulbatum/Dominion,MIT,LICENSE.txt,C#,2011-06-01,,📚 Référencé (non jouable en navigateur),,"C# implementation of Dominion, a board/card game."
,,,,Native,Puzzle/card/board,EbbeFlut,karussell/ebbeflut,https://github.com/karussell/ebbeflut,GPL-2.0,LICENSE,Java,2017-01-14,,📚 Référencé (non jouable en navigateur),,Really nice board game implemented in a bad way a VERY long time ago.
,,,,Native,Puzzle/card/board,IRMINGARD,gamebytes/irmingard-backbone,https://github.com/gamebytes/irmingard-backbone,Aucune licence,,CoffeeScript,2012-11-14,,❌ Pas de licence libre,,Patience card game written in Ruby.
,,,,Native,Puzzle/card/board,Minilens,KOBUGE-Games/minilens,https://github.com/KOBUGE-Games/minilens,GPL-3.0,LICENSE.txt,GDScript,2018-07-16,,📚 Référencé (non jouable en navigateur),,Cute puzzle platformer starring a cleaning robot on post-apocalyptic Earth.
,,,,Native,Puzzle/card/board,nudoku,jubalh/nudoku,https://github.com/jubalh/nudoku,GPL-3.0,LICENSE,C/C++,2026-07-08,,📚 Référencé (non jouable en navigateur),,ncurses based CLI sudoku game
,,,,Native,Puzzle/card/board,PuzzleDash,zeDoctor/PuzzleDash,https://github.com/zeDoctor/PuzzleDash,MIT,LICENSE,D,2014-05-19,,📚 Référencé (non jouable en navigateur),,Match-3 puzzle game built in the.
,,,,Native,Puzzle/card/board,tictactoe,cout-hello-world/tictactoe,https://github.com/cout-hello-world/tictactoe,MIT,LICENCE,Java,2023-09-20,,📚 Référencé (non jouable en navigateur),,Graphical tic-tac-toe AI which never loses
,,,,Native,Puzzle/card/board,Wizznic,DusteDdk/Wizznic,https://github.com/DusteDdk/Wizznic,Aucune licence,,C/C++,2021-04-25,,❌ Pas de licence libre,,Most awesome puzzle game.
,,,,Native,Puzzle/card/board,PokerTH,pokerth/pokerth,https://github.com/pokerth/pokerth,AGPL-3.0,COPYING,C/C++,2026-09-30,,📚 Référencé (non jouable en navigateur),http://www.pokerth.net/,Implementation of Texas Hold'em supporting (online) multiplayer and botplay.
,,,,Native,Racing,Stunt Rally,stuntrally/stuntrally,https://github.com/stuntrally/stuntrally,GPL-3.0,License.txt,C++,2024-08-13,,📚 Référencé (non jouable en navigateur),,"Rally game with Track Editor, based on VDrift and OGRE."
,,,,Native,Racing,SuperTuxKart,supertuxkart/stk-code,https://github.com/supertuxkart/stk-code,GPL-3.0,COPYING,C++,2026-09-24,,📚 Référencé (non jouable en navigateur),,Free 3D kart racing game featuring open source mascots.
,,,,Native,Programming,CengBall,eckucukoglu/cengball,https://github.com/eckucukoglu/cengball,GPL-2.0,LICENSE,Java,2021-01-29,,📚 Référencé (non jouable en navigateur),,Soccer programming game with 2D simulation.
,,,,Native,Sandbox,Blackvoxel,Blackvoxel/Blackvoxel,https://github.com/Blackvoxel/Blackvoxel,GPL-3.0,LICENSE,C/C++,2023-09-06,,📚 Référencé (non jouable en navigateur),,Sandbox game based on a molecular voxel interaction engine.
,,,,Native,Sandbox,Craft,fogleman/Craft,https://github.com/fogleman/Craft,MIT,LICENSE.md,C,2021-02-24,,📚 Référencé (non jouable en navigateur),,Simple Minecraft clone written in C using modern OpenGL.
,,,,Native,Sandbox,Endless Sky,endless-sky/endless-sky,https://github.com/endless-sky/endless-sky,GPL-3.0,license.txt,C++,2026-09-30,,📚 Référencé (non jouable en navigateur),,Space trading and combat game similar to the classic Escape Velocity series.
,,,,Native,Sandbox,Freeminer,freeminer/freeminer,https://github.com/freeminer/freeminer,Apache-2.0,LICENSE.txt,C/C++,2026-09-29,,📚 Référencé (non jouable en navigateur),,Sandbox game inspired by Minecraft.
,,,,Native,Sandbox,Minecraft,fogleman/Minecraft,https://github.com/fogleman/Minecraft,MIT,LICENSE,Python,2020-12-22,,📚 Référencé (non jouable en navigateur),,Simple Minecraft-inspired demo written in and.
,,,,Native,Sandbox,Manic Digger,manicdigger/manicdigger,https://github.com/manicdigger/manicdigger,Apache-2.0,COPYING.md,C#,2024-09-03,,📚 Référencé (non jouable en navigateur),,"A multiplayer block-building voxel game, Minecraft clone."
,,,,Native,Sandbox,Minetest,minetest/minetest,https://github.com/minetest/minetest,Apache-2.0,LICENSE.txt,C/C++,2026-09-29,,📚 Référencé (non jouable en navigateur),,Infinite-world block sandbox game with survival and crafting.
,,,,Native,Sandbox,Pycraft,itsapi/pycraft,https://github.com/itsapi/pycraft,GPL-2.0,LICENSE,Python,2026-04-09,,📚 Référencé (non jouable en navigateur),,A Minecraft-inspired game for the terminal.
,,,,Native,Sandbox,Rigs of Rods,RigsOfRods/rigs-of-rods,https://github.com/RigsOfRods/rigs-of-rods,GPL-3.0,COPYING,C/C++,2026-09-25,,📚 Référencé (non jouable en navigateur),,Soft-Body physics simulator for vehicles and more.
,,,,Native,Sandbox,Space Engineers,KeenSoftwareHouse/SpaceEngineers,https://github.com/KeenSoftwareHouse/SpaceEngineers,Aucune licence,,C#,2022-01-06,,❌ Pas de licence libre,,Space Engineers is a voxel-based sandbox game set in an asteroid field in space.
,,,,Native,Sandbox,Terasology,MovingBlocks/Terasology,https://github.com/MovingBlocks/Terasology,Apache-2.0,LICENSE,Java,2026-09-29,/docs,📚 Référencé (non jouable en navigateur),,Voxel world game engine inspired by Minecraft and others with fancy graphic effects and a heavy focus on extensibility.
,,,,Native,Sandbox,The Powder Toy,simtr/The-Powder-Toy,https://github.com/simtr/The-Powder-Toy,GPL-3.0,LICENSE,C++,2026-09-29,,📚 Référencé (non jouable en navigateur),,Falling-sand physics sandbox game.
,,,,Native,Strategy,0 A.D.,0ad/0ad,https://github.com/0ad/0ad,Multiple : GPL + MIT + Apache + BSD + MPL + Zlib,LICENSE.txt,C++,2024-08-17,,📚 Référencé (non jouable en navigateur),,3D RTS similar to Age of Empires II
,,,,Native,Strategy,Caesaria,dalerank/caesaria-game,https://github.com/dalerank/caesaria-game,Multiple : GPL + BSD,LICENSE,C++,2016-06-14,,📚 Référencé (non jouable en navigateur),,Remake of the popular citybuilder and economic sim Caesar III.
,,,,Native,Strategy,Colobot,colobot/colobot,https://github.com/colobot/colobot,GPL-3.0,LICENSE.txt,C/C++,2026-08-12,,📚 Référencé (non jouable en navigateur),,A real-time strategy game with programmable bots.
,,,,Native,Strategy,CorsixTH,CorsixTH/CorsixTH,https://github.com/CorsixTH/CorsixTH,Apache-2.0,LICENSE.txt,Lua,2026-09-29,,📚 Référencé (non jouable en navigateur),,Clone of Theme Hospital.
,,,,Native,Strategy,Curse of War,a-nikolaev/curseofwar,https://github.com/a-nikolaev/curseofwar,GPL-3.0,LICENSE,C,2021-10-06,,📚 Référencé (non jouable en navigateur),,Fast-paced action strategy game with ncurses and SDL frontends.
,,,,Native,Strategy,Harris,ec429/harris,https://github.com/ec429/harris,GPL-3.0,COPYING,C,2023-07-16,,📚 Référencé (non jouable en navigateur),,Strategy game based around the actions of RAF Bomber Command in the Second World War.
,,,,Native,Strategy,Hedgewars,hedgewars/hw,https://github.com/hedgewars/hw,GPL-2.0,COPYING,C/C++,2026-09-25,,📚 Référencé (non jouable en navigateur),,"A turn based strategy, artillery, action and comedy game."
,,,,Native,Strategy,KaM Remake,Kromster80/kam_remake,https://github.com/Kromster80/kam_remake,AGPL-3.0,LICENSE.txt,Pascal,2022-06-01,,📚 Référencé (non jouable en navigateur),,RTS game remake of “Knights and Merchants”  written in Delphi from scratch.
,,,,Native,Strategy,KeeperRL,miki151/keeperrl,https://github.com/miki151/keeperrl,GPL-2.0,LICENSE,C/C++,2025-10-27,,📚 Référencé (non jouable en navigateur),,Roguelike dungeon builder inspired by Dwarf Fortress.
,,,,Native,Strategy,Last Colony,adityaravishankar/last-colony,https://github.com/adityaravishankar/last-colony,Aucune licence,,JavaScript,2013-06-16,/,❌ Pas de licence libre,http://www.adityaravishankar.com/projects/games/lastcolony/,"RTS game with both a single player campaign mode as well as a multiplayer mode, created entirely in HTML5 and JavaScript."
,,,,Native,Strategy,MegaGlest,MegaGlest/megaglest-source,https://github.com/MegaGlest/megaglest-source,Aucune licence,,C/C++,2026-05-30,,❌ Pas de licence libre,,"MegaGlest real-time strategy game engine (cross-platform, 3-d)."
,,,,Native,Strategy,Micropolis,SimHacker/micropolis,https://github.com/SimHacker/micropolis,GPL-3.0 + licence de nom « Micropolis »,MicropolisPublicNameLicense.md,C,2026-02-10,,📚 Référencé (non jouable en navigateur),,City-building game based on the original code for SimCity.
,,,,Native,Strategy,openage,SFTtech/openage,https://github.com/SFTtech/openage,GPL-3.0,copying.md,C/C++,2026-09-28,,📚 Référencé (non jouable en navigateur),,Clone of the Age of Empires II engine.
,,,,Native,Strategy,OpenDungeons,OpenDungeons/OpenDungeons,https://github.com/OpenDungeons/OpenDungeons,GPL-3.0,LICENSE.md,C++,2025-10-04,,📚 Référencé (non jouable en navigateur),,"Open source game inspired by Dungeon Keeper - Dark, damp and dangerous..."
,,,,Native,Strategy,OpenFodder,OpenFodder/openfodder,https://github.com/OpenFodder/openfodder,GPL-3.0,COPYING,C++,2026-06-21,,📚 Référencé (non jouable en navigateur),,Open-source implementation of Cannon Fodder
,,,,Native,Strategy,OpenRA,OpenRA/OpenRA,https://github.com/OpenRA/OpenRA,GPL-3.0,COPYING,C#,2026-09-30,,📚 Référencé (non jouable en navigateur),,"Open-source implementation of the Red Alert engine using .NET/mono and OpenGL. Runs on Windows, Linux and OSX."
,,,,Native,Strategy,OpenTTD,OpenTTD/OpenTTD,https://github.com/OpenTTD/OpenTTD,GPL-2.0,COPYING.md,C++,2026-09-30,,📚 Référencé (non jouable en navigateur),,"OpenTTD is a transport simulation game based upon the popular game Transport Tycoon Deluxe, written by Chris Sawyer."
,,,,Native,Strategy,OpenXcom,SupSuper/OpenXcom,https://github.com/SupSuper/OpenXcom,GPL-3.0,LICENSE.txt,C/C++,2026-09-28,,📚 Référencé (non jouable en navigateur),,Clone of the original X-COM.
,,,,Native,Strategy,Pax Britannica,henkboom/pax-britannica,https://github.com/henkboom/pax-britannica,MIT,license.txt,Lua,2011-05-13,,📚 Référencé (non jouable en navigateur),,Underwater one-button real-time strategy game.
,,,,Native,Strategy,PCOTM (Phone Case of the Monster),jwoertink/pcotm,https://github.com/jwoertink/pcotm,Custom (personnages protégés),LICENSE.txt,Ruby,2013-03-14,,❌ Pas de licence libre,,"Ruby game, where you play as a phone-collecting monster."
,,,,Native,Strategy,Pioneer,pioneerspacesim/pioneer,https://github.com/pioneerspacesim/pioneer,Aucune licence,,C/C++,2026-09-16,,❌ Pas de licence libre,,Game of lonely space adventure.
,,,,Native,Strategy,Polly-B-Gone,mbostock/polly-b-gone,https://github.com/mbostock/polly-b-gone,LGPL-3.0,LICENSE,C++,2012-12-14,,📚 Référencé (non jouable en navigateur),,Physics platform game about a plucky wheeled robot named Polly.
,,,,Native,Strategy,OpenRCT2,OpenRCT2/OpenRCT2,https://github.com/OpenRCT2/OpenRCT2,GPL-3.0,licence.txt,C++,2026-09-29,,📚 Référencé (non jouable en navigateur),,Open source recreation of Rollercoaster Tycoon 2.
,,,,Native,Strategy,Race into Space,raceintospace/raceintospace,https://github.com/raceintospace/raceintospace,GPL-2.0,COPYING,C/C++,2026-09-14,,📚 Référencé (non jouable en navigateur),,Turn-based space race strategy game originally by Interplay.
,,,,Native,Strategy,Seven Kingdoms: Ancient Adversaries,the3dfxdude/7kaa,https://github.com/the3dfxdude/7kaa,GPL-2.0,COPYING,C++,2023-09-22,,📚 Référencé (non jouable en navigateur),,Classic RTS game liberated in 2009.
,,,,Native,Strategy,Source of Tales,tales/sourceoftales,https://github.com/tales/sourceoftales,Multiple : GPL + CC-BY-SA,COPYING.txt,Lua,2018-06-26,,📚 Référencé (non jouable en navigateur),,Entry in the Liberated Pixel Cup 2012.
,,,,Native,Strategy,Tanks of Freedom,w84death/Tanks-of-Freedom,https://github.com/w84death/Tanks-of-Freedom,Multiple : MIT + CC-BY-SA + Apache,LICENSE.md,GDScript,2025-02-03,,📚 Référencé (non jouable en navigateur),,Turn-based strategy game in isometric pixel-art style.
,,,,Native,Strategy,The Battle for Wesnoth,wesnoth/wesnoth,https://github.com/wesnoth/wesnoth,GPL-2.0,COPYING,C++,2026-09-30,,📚 Référencé (non jouable en navigateur),,Turn-based strategy game with a high fantasy theme.
,,,,Native,Strategy,Unknown Horizons,,https://github.com/unknown-horizons/,—,,—,,,📚 Référencé (organisation/lien),,"2D isometric RTS economic strategy game written in C++ & Python, built on the Flexible Isometric Free Engine."
,,,,Native,Strategy,Voxeliq,raistlinthewiz/voxeliq,https://github.com/raistlinthewiz/voxeliq,MS-PL,LICENSE,C#,2020-02-13,,📚 Référencé (non jouable en navigateur),,Block-based game engine implementation developed with C#.
,,,,Native,Strategy,Wargus,Wargus/wargus,https://github.com/Wargus/wargus,GPL-2.0,COPYING,C,2026-06-29,,📚 Référencé (non jouable en navigateur),,Wargus is a Warcraft2 Mod that allows you to play Warcraft2 with the Stratagus engine.
,,,,Native,Strategy,Warzone 2100,Warzone2100/warzone2100,https://github.com/Warzone2100/warzone2100,GPL-2.0,COPYING,C/C++,2026-09-30,,📚 Référencé (non jouable en navigateur),,Postnuclear realtime strategy.
,,,,Native,Strategy,Wyrmsun,andrettin/wyrmsun,https://github.com/andrettin/wyrmsun,GPL-2.0,license.txt,Lua,2025-04-17,,📚 Référencé (non jouable en navigateur),,"Strategy game based on history, mythology and fiction."
,,,,Native,Strategy,Zero-K,ZeroK-RTS/Zero-K,https://github.com/ZeroK-RTS/Zero-K,GPL-2.0,LICENSE,Lua,2026-09-30,,📚 Référencé (non jouable en navigateur),,Open source RTS game with physical projectiles and smart units
,,,,Native,Others,OpenNotrium,verhoevenv/OpenNotrium,https://github.com/verhoevenv/OpenNotrium,Custom (voir LICENSE),COPYING,C/C++,2022-07-25,,❌ Pas de licence libre,,"Open source version of Notrium, a top-down survival game."
,,,,Mobile Games,Android,ChaseWhisplyProject,tvbarthel/ChaseWhisplyProject,https://github.com/tvbarthel/ChaseWhisplyProject,Aucune licence,,Java,2017-02-11,,❌ Pas de licence libre,,"Chase Whisply is a FPS. You have to seek, find and kill the ghosts living around you."
,,,,Mobile Games,Android,Colorphun,prakhar1989/colorphun,https://github.com/prakhar1989/colorphun,Apache-2.0,LICENSE,Java,2014-12-16,,📚 Référencé (non jouable en navigateur),,ColorPhun is a simple color based Android Game.
,,,,Mobile Games,Android,Game of Life,zsoltk/GameOfLife,https://github.com/zsoltk/GameOfLife,MIT,LICENSE,Java,2016-09-23,,📚 Référencé (non jouable en navigateur),,Conway's Game of Life with editable rules
,,,,Mobile Games,Android,Gidi Games,chuvidi2003/GidiGames,https://github.com/chuvidi2003/GidiGames,Aucune licence,,Java,2022-01-01,,❌ Pas de licence libre,,"Lexis, TicTacToe, Puzzlemania - a collection of 3 board games done with Cocos2d for Android."
,,,,Mobile Games,Android,Green Mahjong,danbeck/green-mahjong,https://github.com/danbeck/green-mahjong,GPL-3.0 (README),,JavaScript,2026-07-12,,📚 Référencé (non jouable en navigateur),,Solitaire mahjong game done in HTML/CSS/JS.
,,,,Mobile Games,Android,Green Wall,awlzac/greenwall,https://github.com/awlzac/greenwall,Aucune licence,,Java,2015-05-06,,❌ Pas de licence libre,,"Weirdly addictive arcade-style android game, where you fling fruit at a wall. Project developed using Android Studio 1.0."
,,,,Mobile Games,Android,Memory Game,sromku/memory-game,https://github.com/sromku/memory-game,Apache-2.0,LICENSE,Kotlin,2026-09-12,,📚 Référencé (non jouable en navigateur),,Simple and beautiful memory game for kids.
,,,,Mobile Games,Android,Pixel Dungeon,watabou/pixel-dungeon,https://github.com/watabou/pixel-dungeon,GPL-3.0,LICENSE.txt,Java,2015-10-01,,📚 Référencé (non jouable en navigateur),,Traditional roguelike game with pixel-art graphics and simple interface.
,,,,Mobile Games,Android,PuzzleGame,chuvidi2003/PuzzleGame,https://github.com/chuvidi2003/PuzzleGame,Aucune licence,,Java,2015-03-11,,❌ Pas de licence libre,,Slider puzzle game implementation created with Cocos2d for Android.
,,,,Mobile Games,Android,Wannabe Tempest,awlzac/wbta,https://github.com/awlzac/wbta,Aucune licence,,Java,2016-03-02,,❌ Pas de licence libre,,Clone of 80's coin-op arcade game Tempest(80's arcade game).
,,,,Mobile Games,IOS,Bat Loves Bugs,xyclos/BatLovesBugs,https://github.com/xyclos/BatLovesBugs,Aucune licence,,Objective-C,2015-08-14,,❌ Pas de licence libre,,Arcade game about a bug-craving bat.
,,,,Mobile Games,IOS,Bridges,zgrossbart/bridges,https://github.com/zgrossbart/bridges,Apache-2.0,LICENSE.txt,C/C++,2021-05-12,,📚 Référencé (non jouable en navigateur),,"Puzzle game with bridges, houses, tolls, and subways for iOS."
,,,,Mobile Games,IOS,Canabalt,ericjohnson/canabalt-ios,https://github.com/ericjohnson/canabalt-ios,Custom (contenu propriétaire),GAME_LICENSE.TXT,C/C++,2010-12-30,,❌ Pas de licence libre,,Release of Canabalt for iOS.
,,,,Mobile Games,IOS,Choose Figure,ISosnovik/chooseFigure,https://github.com/ISosnovik/chooseFigure,Aucune licence,,Swift,2018-02-13,,❌ Pas de licence libre,,Simple logic game. Choose the right figure. Train your attention.
,,,,Mobile Games,IOS,Doom,id-Software/DOOM-iOS,https://github.com/id-Software/DOOM-iOS,GPL-2.0,COPYING.txt,C/C++,2012-01-31,,📚 Référencé (non jouable en navigateur),,Doom Classic for iOS.
,,,,Mobile Games,IOS,DrugsNRock,biou/DrugsNRock,https://github.com/biou/DrugsNRock,MIT,LICENSE.md,C/C++,2014-02-21,,📚 Référencé (non jouable en navigateur),,Simple multiplayer rhythm game designed during the 2013 Global Game Jam.
,,,,Mobile Games,IOS,FinalFighter,sebcode/FinalFighter-iphone,https://github.com/sebcode/FinalFighter-iphone,MIT,LICENCE,C/C++,2015-08-05,,📚 Référencé (non jouable en navigateur),,Tank deathmatch battle game developed using Cocos2D.
,,,,Mobile Games,IOS,Frogatto,frogatto/frogatto,https://github.com/frogatto/frogatto,Multiple : CC-BY-NC + Zlib,LICENSE,Ruby,2026-09-19,,📚 Référencé (non jouable en navigateur),,"Action-adventure game, starring a certain quixotic frog."
,,,,Mobile Games,IOS,Gorillas,Lyndir/Gorillas,https://github.com/Lyndir/Gorillas,Java Research License (non commerciale),LICENSE,JavaScript,2014-05-21,,📚 Référencé (non jouable en navigateur),,iPhone(or iPod touch) port of the popular old QBasic game.
,,,,Mobile Games,IOS,Green Mahjong,danbeck/green-mahjong,https://github.com/danbeck/green-mahjong,GPL-3.0 (README),,JavaScript,2026-07-12,,📚 Référencé (non jouable en navigateur),,Solitaire mahjong game done in HTML/CSS/JS.
,,,,Mobile Games,IOS,Light Jockey,jmfieldman/Light-Jockey,https://github.com/jmfieldman/Light-Jockey,Aucune licence,,Objective-C,2012-11-26,,❌ Pas de licence libre,,iOS Auditorium-like game.
,,,,Mobile Games,IOS,Lumio,joannecdyer/lumio,https://github.com/joannecdyer/lumio,Aucune licence,,C/C++,2016-06-02,,❌ Pas de licence libre,,Puzzle game for iOS developed using Cocos2D. Available free on the App Store.
,,,,Mobile Games,IOS,Sakura Fly,l800891/Sakura-Fly,https://github.com/l800891/Sakura-Fly,MIT,LICENSE.md,C/C++,2026-04-25,,📚 Référencé (non jouable en navigateur),,iOS action game developed using SpriteKit. Available free on the App Store.
,,,,Mobile Games,IOS,Wolfenstein 3D,id-Software/Wolf3D-iOS,https://github.com/id-Software/Wolf3D-iOS,Aucune licence,,C/C++,2012-01-31,,❌ Pas de licence libre,,Wolfenstein 3D for iOS Source Release.
,,,,Chat bots,,c4bot,kenrick95/c4bot,https://github.com/kenrick95/c4bot,MIT,License.md,JavaScript,2017-02-03,,📚 Référencé (non jouable en navigateur),https://bots.botframework.com/bot?id=c4bot,"Chat bot that plays Connect Four with you, works in web chat, Facebook Messenger, Skype, and Telegram."
,,,,Just The Source,,Aquaria,AquariaOSE/Aquaria,https://github.com/AquariaOSE/Aquaria,GPL-2.0,COPYING.txt,Lua,2026-01-10,,📚 Référencé (non jouable en navigateur),,Breath-taking underwater fantasy game. Winner of the Grand Prize at the 2007 Independent Games Festival.
,,,,Just The Source,,Doom 3,TTimo/doom3.gpl,https://github.com/TTimo/doom3.gpl,GPL-3.0,COPYING.txt,C/C++,2016-03-21,,📚 Référencé (non jouable en navigateur),,Doom 3 GPL source code release.
,,,,Just The Source,,ID Software,,https://github.com/id-Software,—,,—,,,📚 Référencé (organisation/lien),,"Includes Doom, Quake, Wolfenstein and more."
,,,,Just The Source,,Jedi Academy,grayj/Jedi-Academy,https://github.com/grayj/Jedi-Academy,GPL-2.0,LICENSE.txt,C++,2013-04-04,,📚 Référencé (non jouable en navigateur),,"Jedi Academy source only, mirror of SourceForge from Raven Software."
,,,,Just The Source,,Jedi Outcast,grayj/Jedi-Outcast,https://github.com/grayj/Jedi-Outcast,GPL-2.0,LICENSE.txt,C++,2013-04-04,,📚 Référencé (non jouable en navigateur),,"Jedi Outcast source only, mirror of SourceForge from Raven Software."
,,,,Just The Source,,MaNGOS,mangos/mangos,https://github.com/mangos/mangos,Aucune licence,,—,2026-03-06,,❌ Pas de licence libre,,Full featured World of Warcraft server.
,,,,Just The Source,,Miner Wars 2081,KeenSoftwareHouse/Miner-Wars-2081,https://github.com/KeenSoftwareHouse/Miner-Wars-2081,MS-PL,License.txt,C#,2013-10-28,,📚 Référencé (non jouable en navigateur),,"For modders of Miner Wars 2081, a 6DOF action-survival space-shooter simulation-game set in the year 2081."
,,,,Just The Source,,OpenJK,JACoders/OpenJK,https://github.com/JACoders/OpenJK,GPL-2.0,LICENSE.txt,C++,2026-09-29,,📚 Référencé (non jouable en navigateur),,Community maintained fork of Jedi Academy and Jedi Outcast development.
,,,,Just The Source,,Prince of Persia,jmechner/Prince-of-Persia-Apple-II,https://github.com/jmechner/Prince-of-Persia-Apple-II,Voir README (pas de licence libre),LICENSE,Assembly,2024-09-27,,❌ Pas de licence libre,,"Source code for the original Prince of Persia game that was written on the Apple II, in 6502 assembly language, between 1985-89."
,,,,Just The Source,,UFO RUN,Nextpeer/Nextpeer-UFORUN,https://github.com/Nextpeer/Nextpeer-UFORUN,BSD-3-Clause,LICENSE.md,C/C++,2015-09-21,,📚 Référencé (non jouable en navigateur),,Real time multiplayer with Nextpeer.
,,,,Just The Source,,System Shock,NightDiveStudios/shockmac,https://github.com/NightDiveStudios/shockmac/,GPL-3.0,LICENSE,C,2018-04-05,,📚 Référencé (non jouable en navigateur),,"Source code for original System Shock game (PowerMac version), more readable fork available."
,,,,Frameworks/Engines/Libraries,,Akihabara,Akihabara/akihabara,https://github.com/Akihabara/akihabara,MIT,MIT-LICENSE.txt,JavaScript,2012-12-12,,📚 Référencé (non jouable en navigateur),,"Set of libraries, tools and presets to create pixelated indie-style 8/16-bit era games in Javascript."
,,,,Frameworks/Engines/Libraries,,Allegro 5,liballeg/allegro5,https://github.com/liballeg/allegro5,BSD-3-Clause,LICENSE.txt,C,2026-09-28,,📚 Référencé (non jouable en navigateur),,"C++ libraries to make 2D games(graphics, sound, etc.)."
,,,,Frameworks/Engines/Libraries,,ammo.js,kripken/ammo.js,https://github.com/kripken/ammo.js,Zlib,LICENSE,C/C++,2026-09-22,,📚 Référencé (non jouable en navigateur),,Direct port of the Bullet Physics engine to JavaScript using Emscripten.
,,,,Frameworks/Engines/Libraries,,Atomic Engine,AtomicGameEngine/AtomicGameEngine,https://github.com/AtomicGameEngine/AtomicGameEngine,Apache-2.0,LICENSE.md,C/C++,2018-09-13,,📚 Référencé (non jouable en navigateur),,"features 2D and 3D rendering, standards compliant JavaScript, full Player and Editor source on GitHub, Windows & Mac Editors, with deployment to Windows, Mac, WebGL, Android, and iOS from the editor."
,,,,Frameworks/Engines/Libraries,,Babylon.js,BabylonJS/Babylon.js,https://github.com/BabylonJS/Babylon.js,Apache-2.0,license.md,TypeScript,2026-09-30,,📚 Référencé (non jouable en navigateur),,Complete JavaScript framework for building 3D games with HTML 5 and WebGL.
,,,,Frameworks/Engines/Libraries,,bgfx,bkaradzic/bgfx,https://github.com/bkaradzic/bgfx#bgfx---cross-platform-rendering-library,BSD-2-Clause,LICENSE,C/C++,2026-09-30,,📚 Référencé (non jouable en navigateur),,Cross-platform rendering library.
,,,,Frameworks/Engines/Libraries,,Chilli Works,ChilliWorks/ChilliSource,https://github.com/ChilliWorks/ChilliSource,MIT,LICENSE,C/C++,2018-01-09,,📚 Référencé (non jouable en navigateur),,"An open source, cross-platform game engine designed for indie developers."
,,,,Frameworks/Engines/Libraries,,Chipmunk Physics,slembcke/Chipmunk-Physics,https://github.com/slembcke/Chipmunk-Physics,MIT,LICENSE.txt,C,2026-05-05,,📚 Référencé (non jouable en navigateur),,"Simple, lightweight, fast and portable 2D rigid body physics library written in C."
,,,,Frameworks/Engines/Libraries,,ChoiceScript,dfabulich/choicescript,https://github.com/dfabulich/choicescript,ChoiceScript License (non commerciale),LICENSE.txt,JavaScript,2026-05-29,/,📚 Référencé (non jouable en navigateur),,A language/engine for developing text-based multiple-choice interactive novels
,,,,Frameworks/Engines/Libraries,,Cocos2d for Android,ZhouWeikuan/cocos2d,https://github.com/ZhouWeikuan/cocos2d,Apache-2.0,LIBGDX-LICENSE-2.0.html,Java,2012-10-16,,📚 Référencé (non jouable en navigateur),,"Cocos2d for Android, based on cocos2d-android-0.82, and now ported from cocos2d-iphone 0.99.4."
,,,,Frameworks/Engines/Libraries,,Cocos2d for iPhone,cocos2d/cocos2d-iphone,https://github.com/cocos2d/cocos2d-iphone,Multiple : GPL + CC-BY-NC,LICENSE_artwork.txt,Objective-C,2017-06-19,,📚 Référencé (non jouable en navigateur),,"Framework for building 2D games, demos, and other graphical/interactive applications for iPod Touch, iPhone, iPad and Mac. It is based on the cocos2d design but instead of using python it, uses objective-C."
,,,,Frameworks/Engines/Libraries,,Cocos2d for HTML5,cocos2d/cocos2d-html5,https://github.com/cocos2d/cocos2d-html5,Aucune licence,,JavaScript,2020-03-13,,❌ Pas de licence libre,,Cocos2d for Web Browsers. Built using JavaScript.
,,,,Frameworks/Engines/Libraries,,Cocos2d-x,cocos2d/cocos2d-x,https://github.com/cocos2d/cocos2d-x,Aucune licence,,C/C++,2024-11-20,,❌ Pas de licence libre,,"Multi-platform framework for building 2d games, interactive books, demos and other graphical applications. It is based on cocos2d-iphone, but instead of using Objective-C, it uses C++. It works on iOS, Android, Windows Phone, OS X, Windows and Linux."
,,,,Frameworks/Engines/Libraries,,Crafty,craftyjs/Crafty,https://github.com/craftyjs/Crafty,MIT,LICENSE,JavaScript,2018-12-08,,📚 Référencé (non jouable en navigateur),,JavaScript game library that can help you create games in a structured way.
,,,,Frameworks/Engines/Libraries,,CutJS,piqnt/cutjs,https://github.com/piqnt/cutjs,MIT,LICENSE.md,TypeScript,2026-04-07,/,📚 Référencé (non jouable en navigateur),,Lightweight and fast 2D HTML5 rendering engine for cross-platform game development.
,,,,Frameworks/Engines/Libraries,,Dash,Circular-Studios/Dash,https://github.com/Circular-Studios/Dash,MIT,LICENSE,D,2015-12-31,,📚 Référencé (non jouable en navigateur),,Free and open 3D game engine written in D.
,,,,Frameworks/Engines/Libraries,,Duality,AdamsLair/duality,https://github.com/AdamsLair/duality,MIT,LICENSE,C#,2025-05-19,,📚 Référencé (non jouable en navigateur),,2D Game Development Framework.
,,,,Frameworks/Engines/Libraries,,EaselJS,CreateJS/EaselJS,https://github.com/CreateJS/EaselJS/,MIT,LICENSE.txt,JavaScript,2026-01-24,,📚 Référencé (non jouable en navigateur),,Library to make working with the Canvas element easier.
,,,,Frameworks/Engines/Libraries,,EntityJS,bendangelo/entityjs,https://github.com/bendangelo/entityjs,Custom (entityjs.com/license),license.txt,JavaScript,2015-09-06,,❌ Pas de licence libre,,HTML5 JavaScript game engine utlizing the entity-component design.
,,,,Frameworks/Engines/Libraries,,Evennia MUD/MU* Creation System,evennia/evennia,https://github.com/evennia/evennia,BSD-3-Clause,LICENSE.txt,Python,2026-08-19,,📚 Référencé (non jouable en navigateur),,"Library for creating online multiplayer text games (MUD, MUSH, MUX, MUCK, MOO etc) in pure Python."
,,,,Frameworks/Engines/Libraries,,Flare,clintbellanger/flare-engine,https://github.com/clintbellanger/flare-engine,GPL-3.0,COPYING,C++,2018-09-17,,📚 Référencé (non jouable en navigateur),,Free/Libre Action Roleplaying Engine.
,,,,Frameworks/Engines/Libraries,,Flashpunk,Draknek/FlashPunk,https://github.com/Draknek/FlashPunk,MIT,license.txt,ActionScript,2014-11-22,,📚 Référencé (non jouable en navigateur),,Free ActionScript 3 library designed for developing 2D Flash games.
,,,,Frameworks/Engines/Libraries,,Flixel,AdamAtomic/flixel,https://github.com/AdamAtomic/flixel,MIT,license.txt,ActionScript,2011-08-22,/docs,📚 Référencé (non jouable en navigateur),,Game-making library written entirely in ActionScript 3.
,,,,Frameworks/Engines/Libraries,,GameJS,gamejs/gamejs,https://github.com/gamejs/gamejs,MIT,LICENSE.md,JavaScript,2020-07-29,,📚 Référencé (non jouable en navigateur),,GameJs is a JavaScript library for writing 2D games or other interactive graphic applications for the HTML Canvas inspired by PyGame.
,,,,Frameworks/Engines/Libraries,,GamePlay,gameplay3d/GamePlay,https://github.com/gameplay3d/GamePlay,Aucune licence,,C/C++,2025-02-25,,❌ Pas de licence libre,,"Cross-platform, C++ game framework/engine for creating 2D/3D mobile and desktop games."
,,,,Frameworks/Engines/Libraries,,GemRB,gemrb/gemrb,https://github.com/gemrb/gemrb,GPL-2.0,COPYING,C/C++,2026-09-26,,📚 Référencé (non jouable en navigateur),,Cross-platform implementation of Bioware's Infinity Engine.
,,,,Frameworks/Engines/Libraries,,GenesisEngine,SaintGimp/GenesisEngine,https://github.com/SaintGimp/GenesisEngine,MS-PL,license.txt,C#,2018-12-17,,📚 Référencé (non jouable en navigateur),,"GenesisEngine allows you to create and explore procedurally-generated planetary systems, from ground level all the way out into space. Experiments with procedurally-generated worlds, XNA, and design patterns."
,,,,Frameworks/Engines/Libraries,,Gladiator 3D,krotik/gladiator_3d,https://github.com/krotik/gladiator_3d,MIT,LICENSE,JavaScript,2014-06-19,,📚 Référencé (non jouable en navigateur),,Canvas based JavaScript ray casting engine for pseudo 3D games.
,,,,Frameworks/Engines/Libraries,,Godot,okamstudio/godot,https://github.com/okamstudio/godot,MIT,LICENSE.txt,C/C++,2026-09-30,,📚 Référencé (non jouable en navigateur),,"Fully featured, MIT licensed, game engine. It focuses on having great tools, and a visual oriented workflow that can export to PC, Mobile and Web platforms with no hassle. The editor, language and APIs are feature rich, yet simple to learn, allowing you to become productive in a matter of hours."
,,,,Frameworks/Engines/Libraries,,HaxeFlixel,HaxeFlixel/flixel,https://github.com/HaxeFlixel/flixel,MIT,LICENSE.md,Haxe,2026-08-23,,📚 Référencé (non jouable en navigateur),,"Free, cross-platform 2D game engine powered by Haxe and OpenFL http://www.haxeflixel.com/"
,,,,Frameworks/Engines/Libraries,,JiGS,Techbot/JiGS-PHP-RPG-engine,https://github.com/Techbot/JiGS-PHP-RPG-engine,GPL-3.0,LICENSE.md,TypeScript,2026-05-24,,📚 Référencé (non jouable en navigateur),,Online RPG and Trading Game Engine built in PHP.
,,,,Frameworks/Engines/Libraries,,jMonkeyEngine,jMonkeyEngine/jmonkeyengine,https://github.com/jMonkeyEngine/jmonkeyengine,BSD-3-Clause,LICENSE.md,Java,2026-09-28,,📚 Référencé (non jouable en navigateur),,"Cutting edge, cross-platform 3D game engine for adventurous Java developers."
,,,,Frameworks/Engines/Libraries,,kiwi.js,gamelab/kiwi.js,https://github.com/gamelab/kiwi.js,MIT,license.txt,TypeScript,2015-11-16,/docs,📚 Référencé (non jouable en navigateur),,Blazingly fast mobile & desktop browser based HTML5 game framework. It uses CocoonJS for publishing to the AppStore.
,,,,Frameworks/Engines/Libraries,,libGDX,libgdx/libgdx,https://github.com/libgdx/libgdx,Apache-2.0,LICENSE,Java,2026-09-23,,📚 Référencé (non jouable en navigateur),,Desktop/Android/HTML5/iOS Java game development framework.
,,,,Frameworks/Engines/Libraries,,libRocket,librocket/librocket,https://github.com/librocket/librocket,MIT (README),,C/C++,2020-02-23,,📚 Référencé (non jouable en navigateur),,C++ user interface package based on the HTML and CSS standards. It is designed as a complete solution for any project's interface needs.
,,,,Frameworks/Engines/Libraries,,libSDL2pp,libSDL2pp/libSDL2pp,https://github.com/libSDL2pp/libSDL2pp,Zlib,COPYING.txt,C++,2025-03-18,,📚 Référencé (non jouable en navigateur),,C++11 bindings for.
,,,,Frameworks/Engines/Libraries,,lycheeJS,LazerUnicorns/lycheeJS,https://github.com/LazerUnicorns/lycheeJS,Aucune licence,,Java,2021-05-08,,❌ Pas de licence libre,,"Free HTML5 + native OpenGL Game Engine for Embedded, Console, Mobile, Server and Desktop."
,,,,Frameworks/Engines/Libraries,,Matter.js,liabru/matter-js,https://github.com/liabru/matter-js,MIT,LICENSE,JavaScript,2026-09-30,,📚 Référencé (non jouable en navigateur),,Matter.js is a JavaScript 2D rigid body physics engine for the web.
,,,,Frameworks/Engines/Libraries,,melonJS,melonjs/melonJS,https://github.com/melonjs/melonJS,MIT,LICENSE.md,JavaScript,2026-09-30,,📚 Référencé (non jouable en navigateur),,HTML5 game framework for 2D games.
,,,,Frameworks/Engines/Libraries,,MonoGame,mono/MonoGame,https://github.com/mono/MonoGame,MIT,LICENSE.txt,C#,2026-09-30,,📚 Référencé (non jouable en navigateur),,"XNA Implementation for Mono based platforms (supports iOS, Android, Linux, and started work on PS Suite and NaCli )."
,,,,Frameworks/Engines/Libraries,,Oimo.js,lo-th/Oimo.js,https://github.com/lo-th/Oimo.js,MIT,LICENSE,JavaScript,2021-07-08,/,📚 Référencé (non jouable en navigateur),,Lightweight 3d physics engine for javascript.
,,,,Frameworks/Engines/Libraries,,OpenRTS,methusalah/OpenRTS,https://github.com/methusalah/OpenRTS,MIT,LICENSE,Java,2025-09-05,,📚 Référencé (non jouable en navigateur),,Real-Time Strategy game 3D engine coded in java 7.
,,,,Frameworks/Engines/Libraries,,Oxygine,oxygine/oxygine-framework,https://github.com/oxygine/oxygine-framework,MIT,license.txt,C++,2024-03-17,,📚 Référencé (non jouable en navigateur),,"C++ engine and framework for 2D games on iOS, Android, Windows, Linux and Mac."
,,,,Frameworks/Engines/Libraries,,panda.js,ekelokorpi/panda.js,https://github.com/ekelokorpi/panda.js,Aucune licence,,JavaScript,2020-07-25,/,❌ Pas de licence libre,,Free HTML5 game engine for mobile and desktop with Canvas and WebGL rendering.
,,,,Frameworks/Engines/Libraries,,Phaser,photonstorm/phaser,https://github.com/photonstorm/phaser,MIT,LICENSE.md,JavaScript,2026-08-21,,📚 Référencé (non jouable en navigateur),,"Phaser is a fun, free and fast 2D game framework for making HTML5 games for desktop and mobile web browsers, supporting Canvas and WebGL rendering."
,,,,Frameworks/Engines/Libraries,,PhysicsJS,wellcaffeinated/PhysicsJS,https://github.com/wellcaffeinated/PhysicsJS,MIT,MIT-LICENSE.txt,JavaScript,2018-05-30,/docs,📚 Référencé (non jouable en navigateur),,"Modular, extendable, and easy-to-use physics engine for JavaScript."
,,,,Frameworks/Engines/Libraries,,pixi.js,GoodBoyDigital/pixi.js,https://github.com/GoodBoyDigital/pixi.js,MIT,LICENSE,TypeScript,2026-09-30,,📚 Référencé (non jouable en navigateur),,Super fast HTML 5 2D rendering engine that uses webGL with canvas fallback.
,,,,Frameworks/Engines/Libraries,,Plasma,H-uru/Plasma,https://github.com/H-uru/Plasma,GPL-3.0,LICENSE.txt,C/C++,2026-09-27,,📚 Référencé (non jouable en navigateur),,Cyan Worlds's Plasma game engine.
,,,,Frameworks/Engines/Libraries,,PlayCanvas,playcanvas/engine,https://github.com/playcanvas/engine,MIT,LICENSE,JavaScript,2026-09-30,,📚 Référencé (non jouable en navigateur),,3D WebGL game engine with online toolset.
,,,,Frameworks/Engines/Libraries,,QICI Engine,qiciengine/qiciengine,https://github.com/qiciengine/qiciengine,MIT,LICENSE,—,2016-08-08,,📚 Référencé (non jouable en navigateur),,free JavaScript game engine library with a web-based comprehensive suite of toolset for making HTML5 games.
,,,,Frameworks/Engines/Libraries,,Quasi-Engine,INdT/Quasi-Engine,https://github.com/INdT/Quasi-Engine,Multiple : LGPL + GPL,LICENSE,C/C++,2014-03-28,,📚 Référencé (non jouable en navigateur),,a QtQuick framework that intends to be a complete toolset to ease 2d game development.
,,,,Frameworks/Engines/Libraries,,Ren'py,renpy/renpy,https://github.com/renpy/renpy,Aucune licence,,Python,2026-09-30,,❌ Pas de licence libre,,"A Visual Novel Engine, written in python, for both mobile (iOS beta) and desktop platforms."
,,,,Frameworks/Engines/Libraries,,SFML,LaurentGomila/SFML,https://github.com/LaurentGomila/SFML,Zlib,license.md,C++,2026-08-30,,📚 Référencé (non jouable en navigateur),,Simple and Fast Multimedia Library.
,,,,Frameworks/Engines/Libraries,,Solarus,christopho/solarus,https://github.com/christopho/solarus,Multiple : GPL + CC-BY-SA,license.txt,C++,2018-06-07,,📚 Référencé (non jouable en navigateur),,An Action-RPG game engine written in C++.
,,,,Frameworks/Engines/Libraries,,Spring,spring/spring,https://github.com/spring/spring,GPL-2.0,LICENSE,C/C++,2024-03-31,,📚 Référencé (non jouable en navigateur),,Real Time Strategy game engine.
,,,,Frameworks/Engines/Libraries,,Starling,Gamua/Starling-Framework,https://github.com/Gamua/Starling-Framework,BSD-2-Clause,LICENSE.md,ActionScript,2026-07-17,,📚 Référencé (non jouable en navigateur),,"ActionScript 3 library that mimics the conventional Flash display tree architecture, can be deployed to mobile devices (iOS, Android), the desktop (Windows, OS X), and to the browser (via the Flash plugin)."
,,,,Frameworks/Engines/Libraries,,Superpowers,,https://github.com/superpowers,—,,—,,,📚 Référencé (organisation/lien),,TypeScript & ThreeJS powered game engine and framework (2D & 3D with WebGL)
,,,,Frameworks/Engines/Libraries,,Tesseract,lsalzman/tesseract,https://github.com/lsalzman/tesseract,Aucune licence,,C/C++,2013-06-06,,❌ Pas de licence libre,,"Make mapping more fun by using modern dynamic rendering techniques, sothat you can get instant feedback on lighting changes, not just geometry."
,,,,Frameworks/Engines/Libraries,,three.js,mrdoob/three.js,https://github.com/mrdoob/three.js,MIT,LICENSE,JavaScript,2026-09-30,/docs,📚 Référencé (non jouable en navigateur),,JavaScript 3D library used in many browser games.
,,,,Frameworks/Engines/Libraries,,tiled,bjorn/tiled,https://github.com/bjorn/tiled,Multiple : GPL + BSD,COPYING,C/C++,2026-09-25,,📚 Référencé (non jouable en navigateur),,"Tiled is a general purpose tile map editor. It is meant to be used for editing maps of any tile-based game, be it an RPG, a platformer or a Breakout clone."
,,,,Frameworks/Engines/Libraries,,Torque 2D,GarageGames/Torque2D,https://github.com/GarageGames/Torque2D,MIT,LICENSE.md,C/C++,2020-06-01,,📚 Référencé (non jouable en navigateur),,MIT Licensed version of Torque 2D from GarageGames.
,,,,Frameworks/Engines/Libraries,,Torque 3D,GarageGames/Torque3D,https://github.com/GarageGames/Torque3D,MIT,LICENSE.md,C/C++,2022-04-03,,📚 Référencé (non jouable en navigateur),,MIT Licensed version of Torque 3D from GarageGames.
,,,,Frameworks/Engines/Libraries,,Turbulenz Engine,turbulenz/turbulenz_engine,https://github.com/turbulenz/turbulenz_engine,MIT,LICENSE,TypeScript,2015-12-23,,📚 Référencé (non jouable en navigateur),,HTML5 game engine and server-side APIs available in JavaScript and TypeScript for building and distributing 2D and 3D games.
,,,,Frameworks/Engines/Libraries,,Urho3D,urho3d/Urho3D,https://github.com/urho3d/Urho3D,Aucune licence,,C/C++,2023-01-25,,❌ Pas de licence libre,,"Urho3D is a free lightweight, cross-platform 2D and 3D game engine implemented in C++ and released under the MIT license. Greatly inspired by OGRE and Horde3D."
,,,,Frameworks/Engines/Libraries,,Wurfel Engine,BSVogler/WurfelEngineSDK,https://github.com/BSVogler/WurfelEngineSDK,BSD-3-Clause,license.txt,Java,2025-08-16,/docs,📚 Référencé (non jouable en navigateur),,An isometric game engine for games with an open world made of blocks or voxels.
,,,,Frameworks/Engines/Libraries,,XLE,xlgames-inc/XLE,https://github.com/xlgames-inc/XLE,MIT,LICENSE,C/C++,2022-05-04,,📚 Référencé (non jouable en navigateur),,"Rendering engine with advanced features such as Image Based Lighting, dynamic area lights, and a node based material editor. Flexible and modular, it is designed to drop into existing solutions. XLE is the ""hackable"" engine, intended to be customised for specialised requirements."
,,,,Maps/Hacks/Plugins/Utilities/All of the Things™,,Bfxr,increpare/bfxr,https://github.com/increpare/bfxr,Aucune licence,,ActionScript,2025-04-17,,❌ Pas de licence libre,,Flash + AIR sound effects generator. Based on Sfxr.
,,,,Maps/Hacks/Plugins/Utilities/All of the Things™,,Brood War API,bwapi/bwapi,https://github.com/bwapi/bwapi,LGPL-3.0,LICENSE,C/C++,2026-05-08,,📚 Référencé (non jouable en navigateur),,C++ framework to interact with the Real Time Strategy (RTS) game Starcraft: Broodwar.
,,,,Maps/Hacks/Plugins/Utilities/All of the Things™,,FlxCollisions,gamebytes/FlxCollisions,https://github.com/gamebytes/FlxCollisions,MIT,license.txt,ActionScript,2011-04-27,,📚 Référencé (non jouable en navigateur),http://flixel.org/flxcollisions/,Simple set of 2d physics + collision demos for flixel v2.0.
,,,,Maps/Hacks/Plugins/Utilities/All of the Things™,,Gamertag,barisbalic/gamertag,https://github.com/barisbalic/gamertag,WTFPL,LICENSE.md,Ruby,2014-01-12,,📚 Référencé (non jouable en navigateur),,Gem for retrieving Xbox Live Gamertag information from various sources.
,,,,Maps/Hacks/Plugins/Utilities/All of the Things™,,Greenworks,greenheartgames/greenworks,https://github.com/greenheartgames/greenworks,MIT,LICENSE,C++,2025-11-23,,📚 Référencé (non jouable en navigateur),,A node.js/nw.js addon allowing you to integrate HTML5 game with Steamworks.
,,,,Maps/Hacks/Plugins/Utilities/All of the Things™,,Halo::Reach::API,agoragames/halo-reach-api,https://github.com/agoragames/halo-reach-api,MIT,LICENSE.txt,Ruby,2014-01-11,,📚 Référencé (non jouable en navigateur),,Ruby gem for interacting with the Halo:Reach API.
,,,,Maps/Hacks/Plugins/Utilities/All of the Things™,,IodineGBA,taisel/IodineGBA,https://github.com/taisel/IodineGBA,Aucune licence,,JavaScript,2023-08-17,/,❌ Pas de licence libre,,GameBoy Advance emulator written entirely in JavaScript and powered by HTML5.
,,,,Maps/Hacks/Plugins/Utilities/All of the Things™,,itch,itchio/itch,https://github.com/itchio/itch,MIT,LICENSE,TypeScript,2026-09-24,,📚 Référencé (non jouable en navigateur),,"An electron cross-platform game downloader, installer, and library manager for itch.io written in TypeScript."
,,,,Maps/Hacks/Plugins/Utilities/All of the Things™,,JavaScript Breakouts,city41/breakouts,https://github.com/city41/breakouts,Dépôt supprimé,,—,,,❌ Dépôt supprimé/privé,,Collection of JavaScript engine implementations of.
,,,,Maps/Hacks/Plugins/Utilities/All of the Things™,,Leaderboard(Java),agoragames/java-leaderboard,https://github.com/agoragames/java-leaderboard,MIT,LICENSE.txt,Java,2015-12-11,,📚 Référencé (non jouable en navigateur),,Leaderboards backed by Redis(in Java).
,,,,Maps/Hacks/Plugins/Utilities/All of the Things™,,Leaderboard(PHP),agoragames/php-leaderboard,https://github.com/agoragames/php-leaderboard,MIT,LICENSE.txt,PHP,2011-09-15,,📚 Référencé (non jouable en navigateur),,Leaderboards backed by Redis(in PHP).
,,,,Maps/Hacks/Plugins/Utilities/All of the Things™,,Leaderboard(Python),agoragames/python-leaderboard,https://github.com/agoragames/python-leaderboard,MIT,LICENSE.txt,Python,2015-04-02,,📚 Référencé (non jouable en navigateur),,Leaderboards backed by Redis(in Python).
,,,,Maps/Hacks/Plugins/Utilities/All of the Things™,,Leaderboard(Ruby),agoragames/leaderboard,https://github.com/agoragames/leaderboard,MIT,LICENSE.txt,Ruby,2017-02-03,,📚 Référencé (non jouable en navigateur),,Leaderboards backed by Redis(in Ruby).
,,,,Maps/Hacks/Plugins/Utilities/All of the Things™,,Leaderboard(Scala),agoragames/scala-leaderboard,https://github.com/agoragames/scala-leaderboard,MIT,LICENSE.txt,Scala,2011-09-15,,📚 Référencé (non jouable en navigateur),,Leaderboards backed by Redis (in Scala).
,,,,Maps/Hacks/Plugins/Utilities/All of the Things™,,libfreenect,OpenKinect/libfreenect,https://github.com/OpenKinect/libfreenect,Multiple : GPL + Apache (README),,C,2024-01-06,,📚 Référencé (non jouable en navigateur),,"Drivers and libraries for the Xbox Kinect device on WIndows, Linux, and OS X."
,,,,Maps/Hacks/Plugins/Utilities/All of the Things™,,OpenEmu,OpenEmu/OpenEmu,https://github.com/OpenEmu/OpenEmu,Aucune licence,,C/C++,2025-10-22,,❌ Pas de licence libre,,Project to bring game emulation to OS X as a first class citizen.
,,,,Maps/Hacks/Plugins/Utilities/All of the Things™,,Mudlet,Mudlet/Mudlet,https://github.com/Mudlet/Mudlet,GPL-3.0,COPYING,C++,2026-09-30,,📚 Référencé (non jouable en navigateur),,"A cross-platform, open source, and super fast MUD (text-only MMORPGs) client with scripting in Lua."
,,,,Maps/Hacks/Plugins/Utilities/All of the Things™,,stats.js,mrdoob/stats.js,https://github.com/mrdoob/stats.js,MIT,LICENSE,JavaScript,2024-10-11,,📚 Référencé (non jouable en navigateur),,JavaScript performance monitor.
,,,,Maps/Hacks/Plugins/Utilities/All of the Things™,,Tassadar,agoragames/tassadar,https://github.com/agoragames/tassadar,MIT,LICENSE.txt,Ruby,2015-10-29,,📚 Référencé (non jouable en navigateur),,Starcraft 2 replay parser written in pure Ruby.
,,,,Maps/Hacks/Plugins/Utilities/All of the Things™,,World of Warcraft Addons,,https://github.com/TekNoLogic,—,,—,,,📚 Référencé (organisation/lien),,Various World of Warcraft addons written in Lua.
,,,,Maps/Hacks/Plugins/Utilities/All of the Things™,,World of Warcraft API Docs,Blizzard/api-wow-docs,https://github.com/Blizzard/api-wow-docs,Aucune licence,,—,2015-06-16,,❌ Pas de licence libre,,Public documentation for the RESTful web service provided as part of the World of Warcraft community site.
